<?xml version="1.0" encoding="UTF-8"?>
<!-- Reference file for solver results-->
<result>
	<!-- Feasibility information {true, false} -->
	<feasible></feasible>
	<!-- Objective result -->
	<objectiveResult>
		<!-- Objective value -->
		<value></value>
	</objectiveResult>
	<!-- Variable results -->
	<variableResults>
	    <!-- Variable result list-->
		<variableResult>
		    <!-- Name of the variable -->
			<name></name>
			<!-- Optimal value for the variable -->
			<value></value>
			<!-- Reduced costs for the specific variable -->
			<reducedCosts></reducedCosts>
		</variableResult>
	</variableResults>
	<!-- Defines the mps model -->
	<model>
	    <!-- Defines the mps model's content -->
		<mpsModel></mpsModel>
    </model>
	<!-- Task object. See "task_reference.xml" for specific information.
		 Note: This tag is only filled if a tranformation was performed.
	 -->
	<task/>
</result>