<?xml version="1.0" encoding="UTF-8"?>
<!-- This is the reference xml representation of a task object.
 -->
<task>
	<!-- Section to provide meta information 
		 Note: It's mandatory that only one has value true, otherwise the behavior is undefined.
		 	   Keep in mind that all of these must have a false value to perform a regular solve operation.
	-->
	<meta>
		<!-- Solver for current problem instance.
			 Note: Tag isn't evaluated at any time.
		 -->
		<solver></solver>
		<!-- Converts task to object {true, false} -->
		<convert></convert>
		<!-- Transform mps content to a task object.
			 NOTE: The task object is afterwards attached to the result object
			       after a tranformation operation is performed.
		-->
		<transform></transform>
		<!-- Uses provided mps format to calculate optimal solution {true, false}.
			 Note: If set, only the mps data will be evaluated and hence, must be present!
		 -->
		<solveFromModel></solveFromModel>
		<!-- Detects if objective function is negative{true, false}.
		     If so, LPS multiplies all variables and the objective value by (-1).
		 -->
		<forcePositive></forcePositive>
	</meta>
	<!-- Defines the mps model -->
	<model>
	    <!-- Defines the mps model's content. 
	         Carriage returns must be specified as "\r\n" for tranformation purpose 
	    -->
	    <mpsModel></mpsModel>
    </model>
	<!-- Defines objective function -->
	<objective>
		<!-- Defines objective type {min, max} -->
		<type></type>
		<!-- List of affected variables -->
		<variables>
			<!-- variable entry -->
			<variable>
				<!-- Variable name -->
				<name></name>
				<!-- Variable coefficient -->
				<coefficient></coefficient>
			</variable>
		</variables>
	</objective>
	<!-- List of constraints -->
	<constraints>
		<!-- Constraint entry -->
		<constraint>
			<!-- Defines constraint type {L,E,G} -->
			<type></type>
			<!-- Constraint name -->
			<name></name>
			<!-- Defines RHS value -->
			<rhs></rhs>
			<!-- List of variables -->
			<variables>
				<!-- Variable entry -->
				<variable>
					<!-- Variable name -->
					<name></name>
					<!-- Variable coefficient -->
					<coefficient></coefficient>
				</variable>
			</variables>
		</constraint>
	</constraints>
	<!-- List of boundaries -->
	<bounds>
		<!-- Boundary entry -->
		<bound>
			<!-- Variable name -->
			<variableName></variableName>
			<!-- Variables lower bound -->
			<lowerBound></lowerBound>
			<!-- Variables upper bound -->
			<upperBound></upperBound>
			<!-- Integer {true, false} -->
			<isInteger></isInteger>
		</bound>
	</bounds>
</task>
