<?xml version="1.0" encoding="UTF-8"?> 
<java version="1.6.0_07" class="java.beans.XMLDecoder"> 
 <object class="verkehrsplaner.AllgemeineEinstellungen"> 
  <void property="anzahlAmpelGross"> 
   <int>10</int> 
  </void> 
  <void property="anzahlAmpelMittel"> 
   <int>4</int> 
  </void> 
  <void property="anzahlAmpelTyp2"> 
   <int>1</int> 
  </void> 
  <void property="anzahlKreisverkehrTyp2"> 
   <int>2</int> 
  </void> 
  <void property="anzahlQuellen"> 
   <int>8</int> 
  </void> 
  <void property="anzahlSenken"> 
   <int>12</int> 
  </void> 
  <void property="anzahlStrassen"> 
   <int>42</int> 
  </void> 
  <void property="anzahlVorfahrt"> 
   <int>1</int> 
  </void> 
  <void property="idCounter"> 
   <int>4</int> 
  </void> 
  <void property="oldHeight"> 
   <int>887</int> 
  </void> 
  <void property="oldWidth"> 
   <int>1238</int> 
  </void> 
  <void property="pfadHintergrund"> 
   <string>D:\Fallstudien\Fallstudie1.png</string> 
  </void> 
  <void property="simulationsDauer"> 
   <double>5000.0</double> 
  </void> 
 </object> 
 <object class="ampelTyp2.AmpelTyp2Einstellungen"> 
  <void property="abbiegenWahl"> 
   <void index="0"> 
    <void index="0"> 
     <double>0.5357</double> 
    </void> 
    <void index="1"> 
     <double>0.1071</double> 
    </void> 
    <void index="2"> 
     <double>0.3571</double> 
    </void> 
   </void> 
   <void index="1"> 
    <void index="0"> 
     <double>0.1429</double> 
    </void> 
    <void index="1"> 
     <double>0.7143</double> 
    </void> 
    <void index="2"> 
     <double>0.1429</double> 
    </void> 
   </void> 
   <void index="2"> 
    <void index="0"> 
     <double>0.3571</double> 
    </void> 
    <void index="1"> 
     <double>0.1071</double> 
    </void> 
    <void index="2"> 
     <double>0.5357</double> 
    </void> 
   </void> 
   <void index="3"> 
    <void index="0"> 
     <double>0.1875</double> 
    </void> 
    <void index="1"> 
     <double>0.625</double> 
    </void> 
    <void index="2"> 
     <double>0.1875</double> 
    </void> 
   </void> 
  </void> 
  <void property="anbindungen"> 
   <void index="0"> 
    <int>71</int> 
   </void> 
   <void index="1"> 
    <int>94</int> 
   </void> 
   <void index="2"> 
    <int>70</int> 
   </void> 
   <void index="3"> 
    <int>69</int> 
   </void> 
  </void> 
  <void property="id"> 
   <int>68</int> 
  </void> 
  <void property="name"> 
   <string>Schneckenburger-Max-Stromeyer</string> 
  </void> 
  <void property="x"> 
   <int>644</int> 
  </void> 
  <void property="y"> 
   <int>326</int> 
  </void> 
 </object> 
 <object class="ampelMittel.AmpelMittelEinstellungen"> 
  <void property="abbiegenWahl"> 
   <void index="0"> 
    <void index="0"> 
     <double>0.5</double> 
    </void> 
    <void index="1"> 
     <double>0.0</double> 
    </void> 
    <void index="2"> 
     <double>0.5</double> 
    </void> 
   </void> 
   <void index="1"> 
    <void index="0"> 
     <double>0.1667</double> 
    </void> 
    <void index="1"> 
     <double>0.8333</double> 
    </void> 
    <void index="2"> 
     <double>0.0</double> 
    </void> 
   </void> 
   <void index="2"> 
    <void index="0"> 
     <double>0.4545</double> 
    </void> 
    <void index="1"> 
     <double>0.0909</double> 
    </void> 
    <void index="2"> 
     <double>0.4545</double> 
    </void> 
   </void> 
   <void index="3"> 
    <void index="0"> 
     <double>0.0</double> 
    </void> 
    <void index="1"> 
     <double>0.8333</double> 
    </void> 
    <void index="2"> 
     <double>0.1667</double> 
    </void> 
   </void> 
  </void> 
  <void property="ampelSchaltZeiten"> 
   <void index="0"> 
    <double>5.0</double> 
   </void> 
   <void index="2"> 
    <double>0.0</double> 
   </void> 
  </void> 
  <void property="anbindungen"> 
   <void index="0"> 
    <int>79</int> 
   </void> 
   <void index="1"> 
    <int>46</int> 
   </void> 
   <void index="3"> 
    <int>47</int> 
   </void> 
  </void> 
  <void property="id"> 
   <int>10</int> 
  </void> 
  <void property="name"> 
   <string>Reichenau-Petershausen</string> 
  </void> 
  <void property="x"> 
   <int>768</int> 
  </void> 
  <void property="y"> 
   <int>449</int> 
  </void> 
 </object> 
 <object class="ampelMittel.AmpelMittelEinstellungen"> 
  <void property="abbiegenWahl"> 
   <void index="0"> 
    <void index="0"> 
     <double>0.5</double> 
    </void> 
    <void index="1"> 
     <double>0.5</double> 
    </void> 
    <void index="2"> 
     <double>0.0</double> 
    </void> 
   </void> 
   <void index="1"> 
    <void index="0"> 
     <double>0.3333</double> 
    </void> 
    <void index="1"> 
     <double>0.3333</double> 
    </void> 
    <void index="2"> 
     <double>0.3333</double> 
    </void> 
   </void> 
   <void index="2"> 
    <void index="0"> 
     <double>0.0</double> 
    </void> 
    <void index="1"> 
     <double>0.5</double> 
    </void> 
    <void index="2"> 
     <double>0.5</double> 
    </void> 
   </void> 
   <void index="3"> 
    <void index="0"> 
     <double>0.5</double> 
    </void> 
    <void index="1"> 
     <double>0.0</double> 
    </void> 
    <void index="2"> 
     <double>0.5</double> 
    </void> 
   </void> 
  </void> 
  <void property="ampelSchaltZeiten"> 
   <void index="1"> 
    <double>0.0</double> 
   </void> 
  </void> 
  <void property="anbindungen"> 
   <void index="0"> 
    <int>58</int> 
   </void> 
   <void index="2"> 
    <int>61</int> 
   </void> 
   <void index="3"> 
    <int>59</int> 
   </void> 
  </void> 
  <void property="id"> 
   <int>24</int> 
  </void> 
  <void property="name"> 
   <string>Bodan-Bahnhof</string> 
  </void> 
  <void property="x"> 
   <int>792</int> 
  </void> 
  <void property="y"> 
   <int>861</int> 
  </void> 
 </object> 
 <object class="ampelMittel.AmpelMittelEinstellungen"> 
  <void property="abbiegenWahl"> 
   <void index="0"> 
    <void index="0"> 
     <double>0.1154</double> 
    </void> 
    <void index="1"> 
     <double>0.7692</double> 
    </void> 
    <void index="2"> 
     <double>0.1154</double> 
    </void> 
   </void> 
   <void index="1"> 
    <void index="0"> 
     <double>0.4651</double> 
    </void> 
    <void index="1"> 
     <double>0.0698</double> 
    </void> 
    <void index="2"> 
     <double>0.4651</double> 
    </void> 
   </void> 
   <void index="2"> 
    <void index="0"> 
     <double>0.1154</double> 
    </void> 
    <void index="1"> 
     <double>0.7692</double> 
    </void> 
    <void index="2"> 
     <double>0.1154</double> 
    </void> 
   </void> 
   <void index="3"> 
    <void index="0"> 
     <double>0.4651</double> 
    </void> 
    <void index="1"> 
     <double>0.0698</double> 
    </void> 
    <void index="2"> 
     <double>0.4651</double> 
    </void> 
   </void> 
  </void> 
  <void property="ampelSchaltZeiten"> 
   <void index="1"> 
    <double>3.0</double> 
   </void> 
   <void index="3"> 
    <double>3.0</double> 
   </void> 
  </void> 
  <void property="anbindungen"> 
   <void index="0"> 
    <int>56</int> 
   </void> 
   <void index="1"> 
    <int>77</int> 
   </void> 
   <void index="2"> 
    <int>55</int> 
   </void> 
   <void index="3"> 
    <int>73</int> 
   </void> 
  </void> 
  <void property="id"> 
   <int>26</int> 
  </void> 
  <void property="name"> 
   <string>Laube-Wallgut</string> 
  </void> 
  <void property="x"> 
   <int>718</int> 
  </void> 
  <void property="y"> 
   <int>658</int> 
  </void> 
 </object> 
 <object class="ampelMittel.AmpelMittelEinstellungen"> 
  <void property="abbiegenWahl"> 
   <void index="0"> 
    <void index="0"> 
     <double>0.303</double> 
    </void> 
    <void index="1"> 
     <double>0.6061</double> 
    </void> 
    <void index="2"> 
     <double>0.0909</double> 
    </void> 
   </void> 
   <void index="1"> 
    <void index="0"> 
     <double>0.4</double> 
    </void> 
    <void index="1"> 
     <double>0.2</double> 
    </void> 
    <void index="2"> 
     <double>0.4</double> 
    </void> 
   </void> 
   <void index="2"> 
    <void index="0"> 
     <double>0.0909</double> 
    </void> 
    <void index="1"> 
     <double>0.6061</double> 
    </void> 
    <void index="2"> 
     <double>0.303</double> 
    </void> 
   </void> 
   <void index="3"> 
    <void index="0"> 
     <double>0.4651</double> 
    </void> 
    <void index="1"> 
     <double>0.0698</double> 
    </void> 
    <void index="2"> 
     <double>0.4651</double> 
    </void> 
   </void> 
  </void> 
  <void property="ampelSchaltZeiten"> 
   <void index="1"> 
    <double>3.0</double> 
   </void> 
   <void index="3"> 
    <double>5.0</double> 
   </void> 
  </void> 
  <void property="anbindungen"> 
   <void index="0"> 
    <int>57</int> 
   </void> 
   <void index="1"> 
    <int>76</int> 
   </void> 
   <void index="2"> 
    <int>56</int> 
   </void> 
   <void index="3"> 
    <int>100</int> 
   </void> 
  </void> 
  <void property="id"> 
   <int>28</int> 
  </void> 
  <void property="name"> 
   <string>Laube-Garten</string> 
  </void> 
  <void property="x"> 
   <int>730</int> 
  </void> 
  <void property="y"> 
   <int>613</int> 
  </void> 
 </object> 
 <object class="ampelGross.AmpelGrossEinstellungen"> 
  <void property="abbiegenWahl"> 
   <void index="0"> 
    <void index="0"> 
     <double>0.15</double> 
    </void> 
    <void index="1"> 
     <double>0.7</double> 
    </void> 
    <void index="2"> 
     <double>0.15</double> 
    </void> 
   </void> 
   <void index="1"> 
    <void index="0"> 
     <double>0.15</double> 
    </void> 
    <void index="1"> 
     <double>0.35</double> 
    </void> 
    <void index="2"> 
     <double>0.5</double> 
    </void> 
   </void> 
   <void index="2"> 
    <void index="0"> 
     <double>0.3333</double> 
    </void> 
    <void index="1"> 
     <double>0.3333</double> 
    </void> 
    <void index="2"> 
     <double>0.3333</double> 
    </void> 
   </void> 
   <void index="3"> 
    <void index="0"> 
     <double>0.6</double> 
    </void> 
    <void index="1"> 
     <double>0.3</double> 
    </void> 
    <void index="2"> 
     <double>0.1</double> 
    </void> 
   </void> 
  </void> 
  <void property="anbindungen"> 
   <void index="0"> 
    <int>43</int> 
   </void> 
   <void index="1"> 
    <int>44</int> 
   </void> 
   <void index="2"> 
    <int>45</int> 
   </void> 
   <void index="3"> 
    <int>46</int> 
   </void> 
  </void> 
  <void property="id"> 
   <int>9</int> 
  </void> 
  <void property="modus"> 
   <int>1</int> 
  </void> 
  <void property="name"> 
   <string>Spanier-Konzil</string> 
  </void> 
  <void property="x"> 
   <int>852</int> 
  </void> 
  <void property="y"> 
   <int>526</int> 
  </void> 
 </object> 
 <object class="ampelGross.AmpelGrossEinstellungen"> 
  <void property="abbiegenWahl"> 
   <void index="0"> 
    <void index="0"> 
     <double>0.5</double> 
    </void> 
    <void index="1"> 
     <double>0.0</double> 
    </void> 
    <void index="2"> 
     <double>0.5</double> 
    </void> 
   </void> 
   <void index="1"> 
    <void index="0"> 
     <double>0.1304</double> 
    </void> 
    <void index="1"> 
     <double>0.8696</double> 
    </void> 
    <void index="2"> 
     <double>0.0</double> 
    </void> 
   </void> 
   <void index="2"> 
    <void index="0"> 
     <double>0.4651</double> 
    </void> 
    <void index="1"> 
     <double>0.0698</double> 
    </void> 
    <void index="2"> 
     <double>0.4651</double> 
    </void> 
   </void> 
   <void index="3"> 
    <void index="0"> 
     <double>0.0</double> 
    </void> 
    <void index="1"> 
     <double>0.8696</double> 
    </void> 
    <void index="2"> 
     <double>0.1304</double> 
    </void> 
   </void> 
  </void> 
  <void property="ampelSchaltZeiten"> 
   <void index="0"> 
    <double>5.0</double> 
   </void> 
   <void index="2"> 
    <double>0.0</double> 
   </void> 
  </void> 
  <void property="anbindungen"> 
   <void index="0"> 
    <int>70</int> 
   </void> 
   <void index="1"> 
    <int>47</int> 
   </void> 
   <void index="3"> 
    <int>34</int> 
   </void> 
  </void> 
  <void property="id"> 
   <int>11</int> 
  </void> 
  <void property="name"> 
   <string>Reichenau-Schneckenburg</string> 
  </void> 
  <void property="x"> 
   <int>616</int> 
  </void> 
  <void property="y"> 
   <int>387</int> 
  </void> 
 </object> 
 <object class="ampelGross.AmpelGrossEinstellungen"> 
  <void property="abbiegenWahl"> 
   <void index="0"> 
    <void index="0"> 
     <double>0.4167</double> 
    </void> 
    <void index="1"> 
     <double>0.0625</double> 
    </void> 
    <void index="2"> 
     <double>0.5208</double> 
    </void> 
   </void> 
   <void index="1"> 
    <void index="0"> 
     <double>0.0</double> 
    </void> 
    <void index="1"> 
     <double>0.8696</double> 
    </void> 
    <void index="2"> 
     <double>0.1304</double> 
    </void> 
   </void> 
   <void index="2"> 
    <void index="0"> 
     <double>0.5556</double> 
    </void> 
    <void index="1"> 
     <double>0.0</double> 
    </void> 
    <void index="2"> 
     <double>0.4444</double> 
    </void> 
   </void> 
   <void index="3"> 
    <void index="0"> 
     <double>0.1071</double> 
    </void> 
    <void index="1"> 
     <double>0.8929</double> 
    </void> 
    <void index="2"> 
     <double>0.0</double> 
    </void> 
   </void> 
  </void> 
  <void property="ampelSchaltZeiten"> 
   <void index="0"> 
    <double>0.0</double> 
   </void> 
   <void index="2"> 
    <double>5.0</double> 
   </void> 
  </void> 
  <void property="anbindungen"> 
   <void index="1"> 
    <int>41</int> 
   </void> 
   <void index="2"> 
    <int>71</int> 
   </void> 
   <void index="3"> 
    <int>39</int> 
   </void> 
  </void> 
  <void property="id"> 
   <int>16</int> 
  </void> 
  <void property="name"> 
   <string>Fürstenberg-Schneckenburg</string> 
  </void> 
  <void property="x"> 
   <int>716</int> 
  </void> 
  <void property="y"> 
   <int>158</int> 
  </void> 
 </object> 
 <object class="ampelGross.AmpelGrossEinstellungen"> 
  <void property="abbiegenWahl"> 
   <void index="0"> 
    <void index="0"> 
     <double>0.4762</double> 
    </void> 
    <void index="1"> 
     <double>0.0476</double> 
    </void> 
    <void index="2"> 
     <double>0.4762</double> 
    </void> 
   </void> 
   <void index="1"> 
    <void index="0"> 
     <double>0.0</double> 
    </void> 
    <void index="1"> 
     <double>0.9091</double> 
    </void> 
    <void index="2"> 
     <double>0.0909</double> 
    </void> 
   </void> 
   <void index="2"> 
    <void index="0"> 
     <double>0.5</double> 
    </void> 
    <void index="1"> 
     <double>0.0</double> 
    </void> 
    <void index="2"> 
     <double>0.5</double> 
    </void> 
   </void> 
   <void index="3"> 
    <void index="0"> 
     <double>0.0909</double> 
    </void> 
    <void index="1"> 
     <double>0.9091</double> 
    </void> 
    <void index="2"> 
     <double>0.0</double> 
    </void> 
   </void> 
  </void> 
  <void property="ampelSchaltZeiten"> 
   <void index="0"> 
    <double>0.0</double> 
   </void> 
   <void index="1"> 
    <double>7.0</double> 
   </void> 
   <void index="2"> 
    <double>7.0</double> 
   </void> 
   <void index="3"> 
    <double>30.0</double> 
   </void> 
  </void> 
  <void property="anbindungen"> 
   <void index="1"> 
    <int>39</int> 
   </void> 
   <void index="2"> 
    <int>92</int> 
   </void> 
   <void index="3"> 
    <int>38</int> 
   </void> 
  </void> 
  <void property="id"> 
   <int>17</int> 
  </void> 
  <void property="name"> 
   <string>Fürstenberg-Oberlohn</string> 
  </void> 
  <void property="x"> 
   <int>525</int> 
  </void> 
  <void property="y"> 
   <int>85</int> 
  </void> 
 </object> 
 <object class="ampelGross.AmpelGrossEinstellungen"> 
  <void property="abbiegenWahl"> 
   <void index="0"> 
    <void index="0"> 
     <double>0.5556</double> 
    </void> 
    <void index="1"> 
     <double>0.0</double> 
    </void> 
    <void index="2"> 
     <double>0.4444</double> 
    </void> 
   </void> 
   <void index="1"> 
    <void index="0"> 
     <double>0.2857</double> 
    </void> 
    <void index="1"> 
     <double>0.7143</double> 
    </void> 
    <void index="2"> 
     <double>0.0</double> 
    </void> 
   </void> 
   <void index="2"> 
    <void index="0"> 
     <double>0.3636</double> 
    </void> 
    <void index="1"> 
     <double>0.1818</double> 
    </void> 
    <void index="2"> 
     <double>0.4545</double> 
    </void> 
   </void> 
   <void index="3"> 
    <void index="0"> 
     <double>0.0</double> 
    </void> 
    <void index="1"> 
     <double>0.6667</double> 
    </void> 
    <void index="2"> 
     <double>0.3333</double> 
    </void> 
   </void> 
  </void> 
  <void property="ampelSchaltZeiten"> 
   <void index="0"> 
    <double>5.0</double> 
   </void> 
   <void index="2"> 
    <double>0.0</double> 
   </void> 
  </void> 
  <void property="anbindungen"> 
   <void index="0"> 
    <int>64</int> 
   </void> 
   <void index="1"> 
    <int>42</int> 
   </void> 
   <void index="3"> 
    <int>41</int> 
   </void> 
  </void> 
  <void property="id"> 
   <int>19</int> 
  </void> 
  <void property="name"> 
   <string>Wollmatinger-Friedrich</string> 
  </void> 
  <void property="x"> 
   <int>904</int> 
  </void> 
  <void property="y"> 
   <int>281</int> 
  </void> 
 </object> 
 <object class="ampelGross.AmpelGrossEinstellungen"> 
  <void property="abbiegenWahl"> 
   <void index="0"> 
    <void index="0"> 
     <double>0.1176</double> 
    </void> 
    <void index="1"> 
     <double>0.5882</double> 
    </void> 
    <void index="2"> 
     <double>0.2941</double> 
    </void> 
   </void> 
   <void index="1"> 
    <void index="0"> 
     <double>0.4545</double> 
    </void> 
    <void index="1"> 
     <double>0.0909</double> 
    </void> 
    <void index="2"> 
     <double>0.4545</double> 
    </void> 
   </void> 
   <void index="2"> 
    <void index="0"> 
     <double>0.2941</double> 
    </void> 
    <void index="1"> 
     <double>0.5882</double> 
    </void> 
    <void index="2"> 
     <double>0.1176</double> 
    </void> 
   </void> 
   <void index="3"> 
    <void index="0"> 
     <double>0.4</double> 
    </void> 
    <void index="1"> 
     <double>0.2</double> 
    </void> 
    <void index="2"> 
     <double>0.4</double> 
    </void> 
   </void> 
  </void> 
  <void property="ampelSchaltZeiten"> 
   <void index="1"> 
    <double>7.0</double> 
   </void> 
   <void index="3"> 
    <double>7.0</double> 
   </void> 
  </void> 
  <void property="anbindungen"> 
   <void index="0"> 
    <int>42</int> 
   </void> 
   <void index="1"> 
    <int>62</int> 
   </void> 
   <void index="2"> 
    <int>43</int> 
   </void> 
   <void index="3"> 
    <int>80</int> 
   </void> 
  </void> 
  <void property="id"> 
   <int>20</int> 
  </void> 
  <void property="name"> 
   <string>Wollmatinger-Jahn</string> 
  </void> 
  <void property="x"> 
   <int>930</int> 
  </void> 
  <void property="y"> 
   <int>329</int> 
  </void> 
 </object> 
 <object class="ampelGross.AmpelGrossEinstellungen"> 
  <void property="abbiegenWahl"> 
   <void index="0"> 
    <void index="0"> 
     <double>0.5</double> 
    </void> 
    <void index="1"> 
     <double>0.5</double> 
    </void> 
    <void index="2"> 
     <double>0.0</double> 
    </void> 
   </void> 
   <void index="1"> 
    <void index="0"> 
     <double>0.3333</double> 
    </void> 
    <void index="1"> 
     <double>0.3333</double> 
    </void> 
    <void index="2"> 
     <double>0.3333</double> 
    </void> 
   </void> 
   <void index="2"> 
    <void index="0"> 
     <double>0.0</double> 
    </void> 
    <void index="1"> 
     <double>0.5</double> 
    </void> 
    <void index="2"> 
     <double>0.5</double> 
    </void> 
   </void> 
   <void index="3"> 
    <void index="0"> 
     <double>0.5</double> 
    </void> 
    <void index="1"> 
     <double>0.0</double> 
    </void> 
    <void index="2"> 
     <double>0.5</double> 
    </void> 
   </void> 
  </void> 
  <void property="ampelSchaltZeiten"> 
   <void index="1"> 
    <double>0.0</double> 
   </void> 
  </void> 
  <void property="anbindungen"> 
   <void index="0"> 
    <int>45</int> 
   </void> 
   <void index="2"> 
    <int>58</int> 
   </void> 
   <void index="3"> 
    <int>57</int> 
   </void> 
  </void> 
  <void property="id"> 
   <int>23</int> 
  </void> 
  <void property="name"> 
   <string>Rheinsteg-Konzil</string> 
  </void> 
  <void property="x"> 
   <int>815</int> 
  </void> 
  <void property="y"> 
   <int>597</int> 
  </void> 
 </object> 
 <object class="ampelGross.AmpelGrossEinstellungen"> 
  <void property="abbiegenWahl"> 
   <void index="0"> 
    <void index="0"> 
     <double>0.0698</double> 
    </void> 
    <void index="1"> 
     <double>0.4651</double> 
    </void> 
    <void index="2"> 
     <double>0.4651</double> 
    </void> 
   </void> 
   <void index="1"> 
    <void index="0"> 
     <double>0.4651</double> 
    </void> 
    <void index="1"> 
     <double>0.0698</double> 
    </void> 
    <void index="2"> 
     <double>0.4651</double> 
    </void> 
   </void> 
   <void index="2"> 
    <void index="0"> 
     <double>0.4651</double> 
    </void> 
    <void index="1"> 
     <double>0.4651</double> 
    </void> 
    <void index="2"> 
     <double>0.0698</double> 
    </void> 
   </void> 
   <void index="3"> 
    <void index="0"> 
     <double>0.3333</double> 
    </void> 
    <void index="1"> 
     <double>0.3333</double> 
    </void> 
    <void index="2"> 
     <double>0.3333</double> 
    </void> 
   </void> 
  </void> 
  <void property="ampelSchaltZeiten"> 
   <void index="3"> 
    <double>0.1</double> 
   </void> 
  </void> 
  <void property="anbindungen"> 
   <void index="0"> 
    <int>55</int> 
   </void> 
   <void index="1"> 
    <int>59</int> 
   </void> 
   <void index="2"> 
    <int>53</int> 
   </void> 
   <void index="3"> 
    <int>96</int> 
   </void> 
  </void> 
  <void property="id"> 
   <int>25</int> 
  </void> 
  <void property="name"> 
   <string>Laube-Döbel</string> 
  </void> 
  <void property="x"> 
   <int>661</int> 
  </void> 
  <void property="y"> 
   <int>837</int> 
  </void> 
 </object> 
 <object class="ampelGross.AmpelGrossEinstellungen"> 
  <void property="abbiegenWahl"> 
   <void index="0"> 
    <void index="0"> 
     <double>0.0</double> 
    </void> 
    <void index="1"> 
     <double>0.6667</double> 
    </void> 
    <void index="2"> 
     <double>0.3333</double> 
    </void> 
   </void> 
   <void index="1"> 
    <void index="0"> 
     <double>0.3333</double> 
    </void> 
    <void index="1"> 
     <double>0.0</double> 
    </void> 
    <void index="2"> 
     <double>0.6667</double> 
    </void> 
   </void> 
   <void index="2"> 
    <void index="0"> 
     <double>0.5</double> 
    </void> 
    <void index="1"> 
     <double>0.5</double> 
    </void> 
    <void index="2"> 
     <double>0.0</double> 
    </void> 
   </void> 
   <void index="3"> 
    <void index="0"> 
     <double>0.5</double> 
    </void> 
    <void index="1"> 
     <double>0.25</double> 
    </void> 
    <void index="2"> 
     <double>0.25</double> 
    </void> 
   </void> 
  </void> 
  <void property="ampelSchaltZeiten"> 
   <void index="1"> 
    <double>5.0</double> 
   </void> 
   <void index="3"> 
    <double>0.0</double> 
   </void> 
  </void> 
  <void property="anbindungen"> 
   <void index="0"> 
    <int>35</int> 
   </void> 
   <void index="1"> 
    <int>99</int> 
   </void> 
   <void index="2"> 
    <int>48</int> 
   </void> 
  </void> 
  <void property="id"> 
   <int>30</int> 
  </void> 
  <void property="name"> 
   <string>Europa-Gartenstraße</string> 
  </void> 
  <void property="x"> 
   <int>494</int> 
  </void> 
  <void property="y"> 
   <int>560</int> 
  </void> 
 </object> 
 <object class="ampelGross.AmpelGrossEinstellungen"> 
  <void property="abbiegenWahl"> 
   <void index="0"> 
    <void index="0"> 
     <double>0.3333</double> 
    </void> 
    <void index="1"> 
     <double>0.3333</double> 
    </void> 
    <void index="2"> 
     <double>0.3333</double> 
    </void> 
   </void> 
   <void index="1"> 
    <void index="0"> 
     <double>0.3333</double> 
    </void> 
    <void index="1"> 
     <double>0.3333</double> 
    </void> 
    <void index="2"> 
     <double>0.3333</double> 
    </void> 
   </void> 
   <void index="2"> 
    <void index="0"> 
     <double>0.3333</double> 
    </void> 
    <void index="1"> 
     <double>0.3333</double> 
    </void> 
    <void index="2"> 
     <double>0.3333</double> 
    </void> 
   </void> 
   <void index="3"> 
    <void index="0"> 
     <double>0.3333</double> 
    </void> 
    <void index="1"> 
     <double>0.3333</double> 
    </void> 
    <void index="2"> 
     <double>0.3333</double> 
    </void> 
   </void> 
  </void> 
  <void property="ampelSchaltZeiten"> 
   <void index="1"> 
    <double>7.0</double> 
   </void> 
  </void> 
  <void property="anbindungen"> 
   <void index="0"> 
    <int>48</int> 
   </void> 
   <void index="1"> 
    <int>50</int> 
   </void> 
   <void index="2"> 
    <int>51</int> 
   </void> 
   <void index="3"> 
    <int>52</int> 
   </void> 
  </void> 
  <void property="id"> 
   <int>31</int> 
  </void> 
  <void property="name"> 
   <string>Europa-Grenzbach</string> 
  </void> 
  <void property="x"> 
   <int>475</int> 
  </void> 
  <void property="y"> 
   <int>717</int> 
  </void> 
 </object> 
 <object class="kreisverkehrTyp2.KreisverkehrTyp2Einstellungen"> 
  <void property="abbiegenWahl"> 
   <void index="0"> 
    <void index="0"> 
     <double>0.4</double> 
    </void> 
    <void index="1"> 
     <double>0.4</double> 
    </void> 
    <void index="2"> 
     <double>0.2</double> 
    </void> 
   </void> 
   <void index="1"> 
    <void index="0"> 
     <double>0.0476</double> 
    </void> 
    <void index="1"> 
     <double>0.4762</double> 
    </void> 
    <void index="2"> 
     <double>0.4762</double> 
    </void> 
   </void> 
   <void index="2"> 
    <void index="0"> 
     <double>0.3125</double> 
    </void> 
    <void index="1"> 
     <double>0.0625</double> 
    </void> 
    <void index="2"> 
     <double>0.625</double> 
    </void> 
   </void> 
   <void index="3"> 
    <void index="0"> 
     <double>0.625</double> 
    </void> 
    <void index="1"> 
     <double>0.3125</double> 
    </void> 
    <void index="2"> 
     <double>0.0625</double> 
    </void> 
   </void> 
  </void> 
  <void property="anbindungen"> 
   <void index="0"> 
    <int>91</int> 
   </void> 
   <void index="1"> 
    <int>35</int> 
   </void> 
   <void index="2"> 
    <int>34</int> 
   </void> 
   <void index="3"> 
    <int>33</int> 
   </void> 
  </void> 
  <void property="id"> 
   <int>8</int> 
  </void> 
  <void property="name"> 
   <string>Reichenau-Oberlohn</string> 
  </void> 
  <void property="radius"> 
   <double>12.0</double> 
  </void> 
  <void property="x"> 
   <int>452</int> 
  </void> 
  <void property="y"> 
   <int>321</int> 
  </void> 
 </object> 
 <object class="kreisverkehrTyp2.KreisverkehrTyp2Einstellungen"> 
  <void property="abbiegenWahl"> 
   <void index="0"> 
    <void index="0"> 
     <double>0.15</double> 
    </void> 
    <void index="1"> 
     <double>0.1</double> 
    </void> 
    <void index="2"> 
     <double>0.75</double> 
    </void> 
   </void> 
   <void index="1"> 
    <void index="0"> 
     <double>0.2857</double> 
    </void> 
    <void index="1"> 
     <double>0.4286</double> 
    </void> 
    <void index="2"> 
     <double>0.2857</double> 
    </void> 
   </void> 
   <void index="2"> 
    <void index="0"> 
     <double>0.75</double> 
    </void> 
    <void index="1"> 
     <double>0.1</double> 
    </void> 
    <void index="2"> 
     <double>0.15</double> 
    </void> 
   </void> 
   <void index="3"> 
    <void index="0"> 
     <double>0.1053</double> 
    </void> 
    <void index="1"> 
     <double>0.7895</double> 
    </void> 
    <void index="2"> 
     <double>0.1053</double> 
    </void> 
   </void> 
  </void> 
  <void property="anbindungen"> 
   <void index="0"> 
    <int>92</int> 
   </void> 
   <void index="1"> 
    <int>69</int> 
   </void> 
   <void index="2"> 
    <int>91</int> 
   </void> 
   <void index="3"> 
    <int>65</int> 
   </void> 
  </void> 
  <void property="id"> 
   <int>12</int> 
  </void> 
  <void property="name"> 
   <string>Oberlohn-Max-Stromeyer</string> 
  </void> 
  <void property="x"> 
   <int>455</int> 
  </void> 
  <void property="y"> 
   <int>223</int> 
  </void> 
 </object> 
 <object class="vorfahrt.VorfahrtEinstellungen"> 
  <void property="abbiegenWahl"> 
   <void index="0"> 
    <void index="0"> 
     <double>0.3</double> 
    </void> 
    <void index="1"> 
     <double>0.4</double> 
    </void> 
    <void index="2"> 
     <double>0.3</double> 
    </void> 
   </void> 
   <void index="1"> 
    <void index="0"> 
     <double>0.3636</double> 
    </void> 
    <void index="1"> 
     <double>0.2727</double> 
    </void> 
    <void index="2"> 
     <double>0.3636</double> 
    </void> 
   </void> 
   <void index="2"> 
    <void index="0"> 
     <double>0.3</double> 
    </void> 
    <void index="1"> 
     <double>0.4</double> 
    </void> 
    <void index="2"> 
     <double>0.3</double> 
    </void> 
   </void> 
   <void index="3"> 
    <void index="0"> 
     <double>0.3636</double> 
    </void> 
    <void index="1"> 
     <double>0.2727</double> 
    </void> 
    <void index="2"> 
     <double>0.3636</double> 
    </void> 
   </void> 
  </void> 
  <void property="anbindungen"> 
   <void index="0"> 
    <int>80</int> 
   </void> 
   <void index="1"> 
    <int>84</int> 
   </void> 
   <void index="2"> 
    <int>79</int> 
   </void> 
   <void index="3"> 
    <int>83</int> 
   </void> 
  </void> 
  <void property="id"> 
   <int>78</int> 
  </void> 
  <void property="name"> 
   <string>Petershausen-Gustav-Schwab</string> 
  </void> 
  <void property="vorfahrtStrassen"> 
   <void index="0"> 
    <int>0</int> 
   </void> 
   <void index="1"> 
    <int>2</int> 
   </void> 
  </void> 
  <void property="x"> 
   <int>838</int> 
  </void> 
  <void property="y"> 
   <int>373</int> 
  </void> 
 </object> 
 <object class="verkehrsplaner.QuelleEinstellungen"> 
  <void property="anbindungen"> 
   <void index="0"> 
    <int>33</int> 
   </void> 
  </void> 
  <void property="erwartungswert"> 
   <double>2.7</double> 
  </void> 
  <void property="id"> 
   <int>1</int> 
  </void> 
  <void property="name"> 
   <string>ReichenauQuelle</string> 
  </void> 
  <void property="x"> 
   <int>243</int> 
  </void> 
  <void property="y"> 
   <int>217</int> 
  </void> 
 </object> 
 <object class="verkehrsplaner.QuelleEinstellungen"> 
  <void property="anbindungen"> 
   <void index="0"> 
    <int>38</int> 
   </void> 
  </void> 
  <void property="erwartungswert"> 
   <double>3.5</double> 
  </void> 
  <void property="id"> 
   <int>2</int> 
  </void> 
  <void property="name"> 
   <string>FürstenbergQuelle</string> 
  </void> 
  <void property="x"> 
   <int>430</int> 
  </void> 
  <void property="y"> 
   <int>28</int> 
  </void> 
 </object> 
 <object class="verkehrsplaner.QuelleEinstellungen"> 
  <void property="anbindungen"> 
   <void index="0"> 
    <int>44</int> 
   </void> 
  </void> 
  <void property="erwartungswert"> 
   <double>7.0</double> 
  </void> 
  <void property="id"> 
   <int>3</int> 
  </void> 
  <void property="name"> 
   <string>MainauQuelle</string> 
  </void> 
  <void property="x"> 
   <int>1099</int> 
  </void> 
  <void property="y"> 
   <int>368</int> 
  </void> 
 </object> 
 <object class="verkehrsplaner.QuelleEinstellungen"> 
  <void property="anbindungen"> 
   <void index="0"> 
    <int>52</int> 
   </void> 
  </void> 
  <void property="erwartungswert"> 
   <double>15.0</double> 
  </void> 
  <void property="id"> 
   <int>4</int> 
  </void> 
  <void property="name"> 
   <string>KonstanzerQuelle</string> 
  </void> 
  <void property="x"> 
   <int>292</int> 
  </void> 
  <void property="y"> 
   <int>729</int> 
  </void> 
 </object> 
 <object class="verkehrsplaner.QuelleEinstellungen"> 
  <void property="anbindungen"> 
   <void index="0"> 
    <int>51</int> 
   </void> 
  </void> 
  <void property="erwartungswert"> 
   <double>7.0</double> 
  </void> 
  <void property="id"> 
   <int>5</int> 
  </void> 
  <void property="name"> 
   <string>EuropaQuelle</string> 
  </void> 
  <void property="x"> 
   <int>457</int> 
  </void> 
  <void property="y"> 
   <int>854</int> 
  </void> 
 </object> 
 <object class="verkehrsplaner.QuelleEinstellungen"> 
  <void property="anbindungen"> 
   <void index="0"> 
    <int>53</int> 
   </void> 
  </void> 
  <void property="erwartungswert"> 
   <double>10.0</double> 
  </void> 
  <void property="id"> 
   <int>6</int> 
  </void> 
  <void property="name"> 
   <string>DöbeleQuelle</string> 
  </void> 
  <void property="x"> 
   <int>618</int> 
  </void> 
  <void property="y"> 
   <int>871</int> 
  </void> 
 </object> 
 <object class="verkehrsplaner.QuelleEinstellungen"> 
  <void property="anbindungen"> 
   <void index="0"> 
    <int>61</int> 
   </void> 
  </void> 
  <void property="erwartungswert"> 
   <double>15.0</double> 
  </void> 
  <void property="id"> 
   <int>7</int> 
  </void> 
  <void property="name"> 
   <string>HafenQuelle</string> 
  </void> 
  <void property="x"> 
   <int>738</int> 
  </void> 
  <void property="y"> 
   <int>879</int> 
  </void> 
 </object> 
 <object class="verkehrsplaner.QuelleEinstellungen"> 
  <void property="anbindungen"> 
   <void index="0"> 
    <int>65</int> 
   </void> 
  </void> 
  <void property="erwartungswert"> 
   <double>30.0</double> 
  </void> 
  <void property="id"> 
   <int>22</int> 
  </void> 
  <void property="name"> 
   <string>Max-StromeyerQuelle</string> 
  </void> 
  <void property="x"> 
   <int>307</int> 
  </void> 
  <void property="y"> 
   <int>148</int> 
  </void> 
 </object> 
 <object class="verkehrsplaner.SenkeEinstellungen"> 
  <void property="anbindungen"> 
   <void index="0"> 
    <int>64</int> 
   </void> 
  </void> 
  <void property="id"> 
   <int>18</int> 
  </void> 
  <void property="name"> 
   <string>FriedrichSenke</string> 
  </void> 
  <void property="x"> 
   <int>955</int> 
  </void> 
  <void property="y"> 
   <int>188</int> 
  </void> 
 </object> 
 <object class="verkehrsplaner.SenkeEinstellungen"> 
  <void property="anbindungen"> 
   <void index="0"> 
    <int>62</int> 
   </void> 
  </void> 
  <void property="id"> 
   <int>21</int> 
  </void> 
  <void property="name"> 
   <string>AllmannsdorfSenke</string> 
  </void> 
  <void property="x"> 
   <int>1027</int> 
  </void> 
  <void property="y"> 
   <int>308</int> 
  </void> 
 </object> 
 <object class="verkehrsplaner.SenkeEinstellungen"> 
  <void property="anbindungen"> 
   <void index="0"> 
    <int>73</int> 
   </void> 
  </void> 
  <void property="id"> 
   <int>29</int> 
  </void> 
  <void property="name"> 
   <string>WallgutSenke</string> 
  </void> 
  <void property="x"> 
   <int>608</int> 
  </void> 
  <void property="y"> 
   <int>631</int> 
  </void> 
 </object> 
 <object class="verkehrsplaner.SenkeEinstellungen"> 
  <void property="anbindungen"> 
   <void index="0"> 
    <int>50</int> 
   </void> 
  </void> 
  <void property="id"> 
   <int>32</int> 
  </void> 
  <void property="name"> 
   <string>GrenzbachSenke</string> 
  </void> 
  <void property="x"> 
   <int>570</int> 
  </void> 
  <void property="y"> 
   <int>830</int> 
  </void> 
 </object> 
 <object class="verkehrsplaner.SenkeEinstellungen"> 
  <void property="anbindungen"> 
   <void index="0"> 
    <int>77</int> 
   </void> 
  </void> 
  <void property="id"> 
   <int>74</int> 
  </void> 
  <void property="name"> 
   <string>KatzgasseSenke</string> 
  </void> 
  <void property="x"> 
   <int>766</int> 
  </void> 
  <void property="y"> 
   <int>665</int> 
  </void> 
 </object> 
 <object class="verkehrsplaner.SenkeEinstellungen"> 
  <void property="anbindungen"> 
   <void index="0"> 
    <int>76</int> 
   </void> 
  </void> 
  <void property="id"> 
   <int>75</int> 
  </void> 
  <void property="name"> 
   <string>InselgasseSenke</string> 
  </void> 
  <void property="x"> 
   <int>771</int> 
  </void> 
  <void property="y"> 
   <int>632</int> 
  </void> 
 </object> 
 <object class="verkehrsplaner.SenkeEinstellungen"> 
  <void property="anbindungen"> 
   <void index="0"> 
    <int>83</int> 
   </void> 
  </void> 
  <void property="id"> 
   <int>81</int> 
  </void> 
  <void property="name"> 
   <string>Gustav-SchwabSenke</string> 
  </void> 
  <void property="x"> 
   <int>747</int> 
  </void> 
  <void property="y"> 
   <int>308</int> 
  </void> 
 </object> 
 <object class="verkehrsplaner.SenkeEinstellungen"> 
  <void property="anbindungen"> 
   <void index="0"> 
    <int>84</int> 
   </void> 
  </void> 
  <void property="id"> 
   <int>82</int> 
  </void> 
  <void property="name"> 
   <string>MoltkeSenke</string> 
  </void> 
  <void property="x"> 
   <int>882</int> 
  </void> 
  <void property="y"> 
   <int>403</int> 
  </void> 
 </object> 
 <object class="verkehrsplaner.SenkeEinstellungen"> 
  <void property="anbindungen"> 
   <void index="0"> 
    <int>94</int> 
   </void> 
  </void> 
  <void property="id"> 
   <int>93</int> 
  </void> 
  <void property="name"> 
   <string>Senke93</string> 
  </void> 
  <void property="x"> 
   <int>720</int> 
  </void> 
  <void property="y"> 
   <int>364</int> 
  </void> 
 </object> 
 <object class="verkehrsplaner.SenkeEinstellungen"> 
  <void property="anbindungen"> 
   <void index="0"> 
    <int>96</int> 
   </void> 
  </void> 
  <void property="id"> 
   <int>95</int> 
  </void> 
  <void property="name"> 
   <string>Senke95</string> 
  </void> 
  <void property="x"> 
   <int>575</int> 
  </void> 
  <void property="y"> 
   <int>783</int> 
  </void> 
 </object> 
 <object class="verkehrsplaner.SenkeEinstellungen"> 
  <void property="anbindungen"> 
   <void index="0"> 
    <int>99</int> 
   </void> 
  </void> 
  <void property="id"> 
   <int>97</int> 
  </void> 
  <void property="name"> 
   <string>Senke97</string> 
  </void> 
  <void property="x"> 
   <int>567</int> 
  </void> 
  <void property="y"> 
   <int>571</int> 
  </void> 
 </object> 
 <object class="verkehrsplaner.SenkeEinstellungen"> 
  <void property="anbindungen"> 
   <void index="0"> 
    <int>100</int> 
   </void> 
  </void> 
  <void property="id"> 
   <int>98</int> 
  </void> 
  <void property="name"> 
   <string>Senke98</string> 
  </void> 
  <void property="x"> 
   <int>649</int> 
  </void> 
  <void property="y"> 
   <int>589</int> 
  </void> 
 </object> 
 <object class="verkehrsplaner.NormaleStrasseEinstellungen"> 
  <void property="anbindungen"> 
   <void index="0"> 
    <int>1</int> 
   </void> 
   <void index="1"> 
    <int>8</int> 
   </void> 
  </void> 
  <void property="id"> 
   <int>33</int> 
  </void> 
  <void property="konnektoren"> 
   <void index="0"> 
    <int>0</int> 
   </void> 
   <void index="1"> 
    <int>3</int> 
   </void> 
  </void> 
  <void property="kurveX"> 
   <int>358</int> 
  </void> 
  <void property="kurveY"> 
   <int>305</int> 
  </void> 
  <void property="name"> 
   <string>Strasse33</string> 
  </void> 
  <void property="strassenArt"> 
   <int>2</int> 
  </void> 
 </object> 
 <object class="verkehrsplaner.NormaleStrasseEinstellungen"> 
  <void property="anbindungen"> 
   <void index="0"> 
    <int>8</int> 
   </void> 
   <void index="1"> 
    <int>11</int> 
   </void> 
  </void> 
  <void property="id"> 
   <int>34</int> 
  </void> 
  <void property="konnektoren"> 
   <void index="0"> 
    <int>2</int> 
   </void> 
   <void index="1"> 
    <int>3</int> 
   </void> 
  </void> 
  <void property="kurveX"> 
   <int>491</int> 
  </void> 
  <void property="kurveY"> 
   <int>373</int> 
  </void> 
  <void property="laenge"> 
   <double>150.0</double> 
  </void> 
  <void property="name"> 
   <string>Strasse34</string> 
  </void> 
  <void property="strassenArt"> 
   <int>2</int> 
  </void> 
 </object> 
 <object class="verkehrsplaner.NormaleStrasseEinstellungen"> 
  <void property="anbindungen"> 
   <void index="0"> 
    <int>8</int> 
   </void> 
   <void index="1"> 
    <int>30</int> 
   </void> 
  </void> 
  <void property="fahrzeugeProMinute"> 
   <double>10.0</double> 
  </void> 
  <void property="id"> 
   <int>35</int> 
  </void> 
  <void property="konnektoren"> 
   <void index="0"> 
    <int>1</int> 
   </void> 
   <void index="1"> 
    <int>0</int> 
   </void> 
  </void> 
  <void property="kurveX"> 
   <int>522</int> 
  </void> 
  <void property="kurveY"> 
   <int>353</int> 
  </void> 
  <void property="laenge"> 
   <double>500.0</double> 
  </void> 
  <void property="name"> 
   <string>Strasse35</string> 
  </void> 
  <void property="strassenArt"> 
   <int>2</int> 
  </void> 
 </object> 
 <object class="verkehrsplaner.NormaleStrasseEinstellungen"> 
  <void property="anbindungen"> 
   <void index="0"> 
    <int>2</int> 
   </void> 
   <void index="1"> 
    <int>17</int> 
   </void> 
  </void> 
  <void property="id"> 
   <int>38</int> 
  </void> 
  <void property="konnektoren"> 
   <void index="0"> 
    <int>0</int> 
   </void> 
   <void index="1"> 
    <int>3</int> 
   </void> 
  </void> 
  <void property="kurveY"> 
   <int>-2</int> 
  </void> 
  <void property="name"> 
   <string></string> 
  </void> 
  <void property="strassenArt"> 
   <int>2</int> 
  </void> 
 </object> 
 <object class="verkehrsplaner.NormaleStrasseEinstellungen"> 
  <void property="anbindungen"> 
   <void index="0"> 
    <int>17</int> 
   </void> 
   <void index="1"> 
    <int>16</int> 
   </void> 
  </void> 
  <void property="id"> 
   <int>39</int> 
  </void> 
  <void property="konnektoren"> 
   <void index="0"> 
    <int>1</int> 
   </void> 
   <void index="1"> 
    <int>3</int> 
   </void> 
  </void> 
  <void property="kurveX"> 
   <int>625</int> 
  </void> 
  <void property="kurveY"> 
   <int>112</int> 
  </void> 
  <void property="laenge"> 
   <double>400.0</double> 
  </void> 
  <void property="name"> 
   <string>Strasse39</string> 
  </void> 
  <void property="strassenArt"> 
   <int>2</int> 
  </void> 
 </object> 
 <object class="verkehrsplaner.NormaleStrasseEinstellungen"> 
  <void property="anbindungen"> 
   <void index="0"> 
    <int>16</int> 
   </void> 
   <void index="1"> 
    <int>19</int> 
   </void> 
  </void> 
  <void property="fahrzeugeProMinute"> 
   <double>25.0</double> 
  </void> 
  <void property="id"> 
   <int>41</int> 
  </void> 
  <void property="konnektoren"> 
   <void index="0"> 
    <int>1</int> 
   </void> 
   <void index="1"> 
    <int>3</int> 
   </void> 
  </void> 
  <void property="kurveY"> 
   <int>-2</int> 
  </void> 
  <void property="laenge"> 
   <double>400.0</double> 
  </void> 
  <void property="name"> 
   <string>Strasse41</string> 
  </void> 
  <void property="strassenArt"> 
   <int>2</int> 
  </void> 
 </object> 
 <object class="verkehrsplaner.NormaleStrasseEinstellungen"> 
  <void property="anbindungen"> 
   <void index="0"> 
    <int>19</int> 
   </void> 
   <void index="1"> 
    <int>20</int> 
   </void> 
  </void> 
  <void property="id"> 
   <int>42</int> 
  </void> 
  <void property="konnektoren"> 
   <void index="0"> 
    <int>1</int> 
   </void> 
   <void index="1"> 
    <int>0</int> 
   </void> 
  </void> 
  <void property="kurveY"> 
   <int>-2</int> 
  </void> 
  <void property="laenge"> 
   <double>75.0</double> 
  </void> 
  <void property="name"> 
   <string>Strasse42</string> 
  </void> 
  <void property="strassenArt"> 
   <int>2</int> 
  </void> 
 </object> 
 <object class="verkehrsplaner.NormaleStrasseEinstellungen"> 
  <void property="anbindungen"> 
   <void index="0"> 
    <int>20</int> 
   </void> 
   <void index="1"> 
    <int>9</int> 
   </void> 
  </void> 
  <void property="id"> 
   <int>43</int> 
  </void> 
  <void property="konnektoren"> 
   <void index="0"> 
    <int>2</int> 
   </void> 
   <void index="1"> 
    <int>0</int> 
   </void> 
  </void> 
  <void property="kurveX"> 
   <int>888</int> 
  </void> 
  <void property="kurveY"> 
   <int>461</int> 
  </void> 
  <void property="laenge"> 
   <double>400.0</double> 
  </void> 
  <void property="name"> 
   <string>Strasse43</string> 
  </void> 
  <void property="strassenArt"> 
   <int>2</int> 
  </void> 
 </object> 
 <object class="verkehrsplaner.NormaleStrasseEinstellungen"> 
  <void property="anbindungen"> 
   <void index="0"> 
    <int>9</int> 
   </void> 
   <void index="1"> 
    <int>3</int> 
   </void> 
  </void> 
  <void property="id"> 
   <int>44</int> 
  </void> 
  <void property="konnektoren"> 
   <void index="0"> 
    <int>1</int> 
   </void> 
   <void index="1"> 
    <int>0</int> 
   </void> 
  </void> 
  <void property="kurveX"> 
   <int>881</int> 
  </void> 
  <void property="kurveY"> 
   <int>500</int> 
  </void> 
  <void property="name"> 
   <string>Strasse44</string> 
  </void> 
  <void property="strassenArt"> 
   <int>2</int> 
  </void> 
 </object> 
 <object class="verkehrsplaner.NormaleStrasseEinstellungen"> 
  <void property="anbindungen"> 
   <void index="0"> 
    <int>9</int> 
   </void> 
   <void index="1"> 
    <int>23</int> 
   </void> 
  </void> 
  <void property="id"> 
   <int>45</int> 
  </void> 
  <void property="konnektoren"> 
   <void index="0"> 
    <int>2</int> 
   </void> 
   <void index="1"> 
    <int>0</int> 
   </void> 
  </void> 
  <void property="kurveY"> 
   <int>-2</int> 
  </void> 
  <void property="laenge"> 
   <double>60.0</double> 
  </void> 
  <void property="name"> 
   <string>Strasse45</string> 
  </void> 
  <void property="strassenArt"> 
   <int>2</int> 
  </void> 
 </object> 
 <object class="verkehrsplaner.NormaleStrasseEinstellungen"> 
  <void property="anbindungen"> 
   <void index="0"> 
    <int>9</int> 
   </void> 
   <void index="1"> 
    <int>10</int> 
   </void> 
  </void> 
  <void property="id"> 
   <int>46</int> 
  </void> 
  <void property="konnektoren"> 
   <void index="0"> 
    <int>3</int> 
   </void> 
   <void index="1"> 
    <int>1</int> 
   </void> 
  </void> 
  <void property="kurveX"> 
   <int>793</int> 
  </void> 
  <void property="kurveY"> 
   <int>503</int> 
  </void> 
  <void property="laenge"> 
   <double>150.0</double> 
  </void> 
  <void property="name"> 
   <string>Strasse46</string> 
  </void> 
  <void property="strassenArt"> 
   <int>2</int> 
  </void> 
 </object> 
 <object class="verkehrsplaner.NormaleStrasseEinstellungen"> 
  <void property="anbindungen"> 
   <void index="0"> 
    <int>10</int> 
   </void> 
   <void index="1"> 
    <int>11</int> 
   </void> 
  </void> 
  <void property="id"> 
   <int>47</int> 
  </void> 
  <void property="konnektoren"> 
   <void index="0"> 
    <int>3</int> 
   </void> 
   <void index="1"> 
    <int>1</int> 
   </void> 
  </void> 
  <void property="kurveY"> 
   <int>-2</int> 
  </void> 
  <void property="laenge"> 
   <double>150.0</double> 
  </void> 
  <void property="name"> 
   <string>Strasse47</string> 
  </void> 
  <void property="strassenArt"> 
   <int>2</int> 
  </void> 
 </object> 
 <object class="verkehrsplaner.NormaleStrasseEinstellungen"> 
  <void property="anbindungen"> 
   <void index="0"> 
    <int>30</int> 
   </void> 
   <void index="1"> 
    <int>31</int> 
   </void> 
  </void> 
  <void property="id"> 
   <int>48</int> 
  </void> 
  <void property="konnektoren"> 
   <void index="0"> 
    <int>2</int> 
   </void> 
   <void index="1"> 
    <int>0</int> 
   </void> 
  </void> 
  <void property="kurveY"> 
   <int>-2</int> 
  </void> 
  <void property="laenge"> 
   <double>300.0</double> 
  </void> 
  <void property="name"> 
   <string>Strasse48</string> 
  </void> 
  <void property="strassenArt"> 
   <int>2</int> 
  </void> 
 </object> 
 <object class="verkehrsplaner.NormaleStrasseEinstellungen"> 
  <void property="anbindungen"> 
   <void index="0"> 
    <int>31</int> 
   </void> 
   <void index="1"> 
    <int>32</int> 
   </void> 
  </void> 
  <void property="id"> 
   <int>50</int> 
  </void> 
  <void property="konnektoren"> 
   <void index="0"> 
    <int>1</int> 
   </void> 
   <void index="1"> 
    <int>0</int> 
   </void> 
  </void> 
  <void property="kurveX"> 
   <int>521</int> 
  </void> 
  <void property="kurveY"> 
   <int>771</int> 
  </void> 
  <void property="name"> 
   <string>Strasse50</string> 
  </void> 
  <void property="strassenArt"> 
   <int>2</int> 
  </void> 
 </object> 
 <object class="verkehrsplaner.NormaleStrasseEinstellungen"> 
  <void property="anbindungen"> 
   <void index="0"> 
    <int>31</int> 
   </void> 
   <void index="1"> 
    <int>5</int> 
   </void> 
  </void> 
  <void property="id"> 
   <int>51</int> 
  </void> 
  <void property="konnektoren"> 
   <void index="0"> 
    <int>2</int> 
   </void> 
   <void index="1"> 
    <int>0</int> 
   </void> 
  </void> 
  <void property="kurveY"> 
   <int>-2</int> 
  </void> 
  <void property="name"> 
   <string>Strasse51</string> 
  </void> 
  <void property="strassenArt"> 
   <int>2</int> 
  </void> 
 </object> 
 <object class="verkehrsplaner.NormaleStrasseEinstellungen"> 
  <void property="anbindungen"> 
   <void index="0"> 
    <int>4</int> 
   </void> 
   <void index="1"> 
    <int>31</int> 
   </void> 
  </void> 
  <void property="id"> 
   <int>52</int> 
  </void> 
  <void property="konnektoren"> 
   <void index="0"> 
    <int>0</int> 
   </void> 
   <void index="1"> 
    <int>3</int> 
   </void> 
  </void> 
  <void property="kurveX"> 
   <int>459</int> 
  </void> 
  <void property="kurveY"> 
   <int>677</int> 
  </void> 
  <void property="name"> 
   <string>Strasse52</string> 
  </void> 
  <void property="strassenArt"> 
   <int>2</int> 
  </void> 
 </object> 
 <object class="verkehrsplaner.NormaleStrasseEinstellungen"> 
  <void property="anbindungen"> 
   <void index="0"> 
    <int>6</int> 
   </void> 
   <void index="1"> 
    <int>25</int> 
   </void> 
  </void> 
  <void property="id"> 
   <int>53</int> 
  </void> 
  <void property="konnektoren"> 
   <void index="0"> 
    <int>0</int> 
   </void> 
   <void index="1"> 
    <int>2</int> 
   </void> 
  </void> 
  <void property="kurveY"> 
   <int>-2</int> 
  </void> 
  <void property="name"> 
   <string>Strasse53</string> 
  </void> 
  <void property="strassenArt"> 
   <int>2</int> 
  </void> 
 </object> 
 <object class="verkehrsplaner.NormaleStrasseEinstellungen"> 
  <void property="anbindungen"> 
   <void index="0"> 
    <int>25</int> 
   </void> 
   <void index="1"> 
    <int>26</int> 
   </void> 
  </void> 
  <void property="id"> 
   <int>55</int> 
  </void> 
  <void property="konnektoren"> 
   <void index="0"> 
    <int>0</int> 
   </void> 
   <void index="1"> 
    <int>2</int> 
   </void> 
  </void> 
  <void property="kurveY"> 
   <int>-2</int> 
  </void> 
  <void property="laenge"> 
   <double>300.0</double> 
  </void> 
  <void property="name"> 
   <string>Strasse55</string> 
  </void> 
  <void property="strassenArt"> 
   <int>2</int> 
  </void> 
 </object> 
 <object class="verkehrsplaner.NormaleStrasseEinstellungen"> 
  <void property="anbindungen"> 
   <void index="0"> 
    <int>26</int> 
   </void> 
   <void index="1"> 
    <int>28</int> 
   </void> 
  </void> 
  <void property="id"> 
   <int>56</int> 
  </void> 
  <void property="konnektoren"> 
   <void index="0"> 
    <int>0</int> 
   </void> 
   <void index="1"> 
    <int>2</int> 
   </void> 
  </void> 
  <void property="kurveY"> 
   <int>-2</int> 
  </void> 
  <void property="name"> 
   <string>Strasse56</string> 
  </void> 
  <void property="strassenArt"> 
   <int>2</int> 
  </void> 
 </object> 
 <object class="verkehrsplaner.NormaleStrasseEinstellungen"> 
  <void property="anbindungen"> 
   <void index="0"> 
    <int>28</int> 
   </void> 
   <void index="1"> 
    <int>23</int> 
   </void> 
  </void> 
  <void property="id"> 
   <int>57</int> 
  </void> 
  <void property="konnektoren"> 
   <void index="0"> 
    <int>0</int> 
   </void> 
   <void index="1"> 
    <int>3</int> 
   </void> 
  </void> 
  <void property="kurveX"> 
   <int>756</int> 
  </void> 
  <void property="kurveY"> 
   <int>547</int> 
  </void> 
  <void property="laenge"> 
   <double>250.0</double> 
  </void> 
  <void property="name"> 
   <string>Strasse57</string> 
  </void> 
  <void property="strassenArt"> 
   <int>2</int> 
  </void> 
 </object> 
 <object class="verkehrsplaner.NormaleStrasseEinstellungen"> 
  <void property="anbindungen"> 
   <void index="0"> 
    <int>23</int> 
   </void> 
   <void index="1"> 
    <int>24</int> 
   </void> 
  </void> 
  <void property="id"> 
   <int>58</int> 
  </void> 
  <void property="konnektoren"> 
   <void index="0"> 
    <int>2</int> 
   </void> 
   <void index="1"> 
    <int>0</int> 
   </void> 
  </void> 
  <void property="kurveX"> 
   <int>806</int> 
  </void> 
  <void property="kurveY"> 
   <int>763</int> 
  </void> 
  <void property="laenge"> 
   <double>600.0</double> 
  </void> 
  <void property="name"> 
   <string>Strasse58</string> 
  </void> 
  <void property="strassenArt"> 
   <int>2</int> 
  </void> 
 </object> 
 <object class="verkehrsplaner.NormaleStrasseEinstellungen"> 
  <void property="anbindungen"> 
   <void index="0"> 
    <int>24</int> 
   </void> 
   <void index="1"> 
    <int>25</int> 
   </void> 
  </void> 
  <void property="id"> 
   <int>59</int> 
  </void> 
  <void property="konnektoren"> 
   <void index="0"> 
    <int>3</int> 
   </void> 
   <void index="1"> 
    <int>1</int> 
   </void> 
  </void> 
  <void property="kurveY"> 
   <int>-2</int> 
  </void> 
  <void property="laenge"> 
   <double>200.0</double> 
  </void> 
  <void property="name"> 
   <string>Strasse59</string> 
  </void> 
  <void property="strassenArt"> 
   <int>2</int> 
  </void> 
 </object> 
 <object class="verkehrsplaner.NormaleStrasseEinstellungen"> 
  <void property="anbindungen"> 
   <void index="0"> 
    <int>24</int> 
   </void> 
   <void index="1"> 
    <int>7</int> 
   </void> 
  </void> 
  <void property="id"> 
   <int>61</int> 
  </void> 
  <void property="konnektoren"> 
   <void index="0"> 
    <int>2</int> 
   </void> 
   <void index="1"> 
    <int>0</int> 
   </void> 
  </void> 
  <void property="kurveY"> 
   <int>-2</int> 
  </void> 
  <void property="name"> 
   <string>Strasse61</string> 
  </void> 
  <void property="strassenArt"> 
   <int>2</int> 
  </void> 
 </object> 
 <object class="verkehrsplaner.NormaleStrasseEinstellungen"> 
  <void property="anbindungen"> 
   <void index="0"> 
    <int>20</int> 
   </void> 
   <void index="1"> 
    <int>21</int> 
   </void> 
  </void> 
  <void property="fahrzeugeProMinute"> 
   <double>10.0</double> 
  </void> 
  <void property="id"> 
   <int>62</int> 
  </void> 
  <void property="konnektoren"> 
   <void index="0"> 
    <int>1</int> 
   </void> 
   <void index="1"> 
    <int>0</int> 
   </void> 
  </void> 
  <void property="kurveX"> 
   <int>962</int> 
  </void> 
  <void property="kurveY"> 
   <int>319</int> 
  </void> 
  <void property="name"> 
   <string>Strasse62</string> 
  </void> 
  <void property="strassenArt"> 
   <int>1</int> 
  </void> 
 </object> 
 <object class="verkehrsplaner.NormaleStrasseEinstellungen"> 
  <void property="anbindungen"> 
   <void index="0"> 
    <int>19</int> 
   </void> 
   <void index="1"> 
    <int>18</int> 
   </void> 
  </void> 
  <void property="fahrzeugeProMinute"> 
   <double>10.0</double> 
  </void> 
  <void property="id"> 
   <int>64</int> 
  </void> 
  <void property="konnektoren"> 
   <void index="0"> 
    <int>0</int> 
   </void> 
   <void index="1"> 
    <int>0</int> 
   </void> 
  </void> 
  <void property="kurveX"> 
   <int>932</int> 
  </void> 
  <void property="kurveY"> 
   <int>254</int> 
  </void> 
  <void property="name"> 
   <string>Strasse64</string> 
  </void> 
  <void property="strassenArt"> 
   <int>1</int> 
  </void> 
 </object> 
 <object class="verkehrsplaner.NormaleStrasseEinstellungen"> 
  <void property="anbindungen"> 
   <void index="0"> 
    <int>22</int> 
   </void> 
   <void index="1"> 
    <int>12</int> 
   </void> 
  </void> 
  <void property="fahrzeugeProMinute"> 
   <double>3.0</double> 
  </void> 
  <void property="id"> 
   <int>65</int> 
  </void> 
  <void property="konnektoren"> 
   <void index="0"> 
    <int>0</int> 
   </void> 
   <void index="1"> 
    <int>3</int> 
   </void> 
  </void> 
  <void property="kurveY"> 
   <int>-2</int> 
  </void> 
  <void property="name"> 
   <string>Strasse65</string> 
  </void> 
  <void property="strassenArt"> 
   <int>1</int> 
  </void> 
 </object> 
 <object class="verkehrsplaner.NormaleStrasseEinstellungen"> 
  <void property="anbindungen"> 
   <void index="0"> 
    <int>12</int> 
   </void> 
   <void index="1"> 
    <int>68</int> 
   </void> 
  </void> 
  <void property="fahrzeugeProMinute"> 
   <double>15.0</double> 
  </void> 
  <void property="id"> 
   <int>69</int> 
  </void> 
  <void property="konnektoren"> 
   <void index="0"> 
    <int>1</int> 
   </void> 
   <void index="1"> 
    <int>3</int> 
   </void> 
  </void> 
  <void property="kurveY"> 
   <int>-2</int> 
  </void> 
  <void property="name"> 
   <string>Strasse69</string> 
  </void> 
  <void property="strassenArt"> 
   <int>1</int> 
  </void> 
 </object> 
 <object class="verkehrsplaner.NormaleStrasseEinstellungen"> 
  <void property="anbindungen"> 
   <void index="0"> 
    <int>68</int> 
   </void> 
   <void index="1"> 
    <int>11</int> 
   </void> 
  </void> 
  <void property="fahrzeugeProMinute"> 
   <double>3.0</double> 
  </void> 
  <void property="id"> 
   <int>70</int> 
  </void> 
  <void property="konnektoren"> 
   <void index="0"> 
    <int>2</int> 
   </void> 
   <void index="1"> 
    <int>0</int> 
   </void> 
  </void> 
  <void property="kurveY"> 
   <int>-2</int> 
  </void> 
  <void property="name"> 
   <string>Strasse70</string> 
  </void> 
  <void property="strassenArt"> 
   <int>1</int> 
  </void> 
 </object> 
 <object class="verkehrsplaner.NormaleStrasseEinstellungen"> 
  <void property="anbindungen"> 
   <void index="0"> 
    <int>68</int> 
   </void> 
   <void index="1"> 
    <int>16</int> 
   </void> 
  </void> 
  <void property="fahrzeugeProMinute"> 
   <double>3.0</double> 
  </void> 
  <void property="id"> 
   <int>71</int> 
  </void> 
  <void property="konnektoren"> 
   <void index="0"> 
    <int>0</int> 
   </void> 
   <void index="1"> 
    <int>2</int> 
   </void> 
  </void> 
  <void property="kurveY"> 
   <int>-2</int> 
  </void> 
  <void property="laenge"> 
   <double>350.0</double> 
  </void> 
  <void property="name"> 
   <string>Strasse71</string> 
  </void> 
  <void property="strassenArt"> 
   <int>1</int> 
  </void> 
 </object> 
 <object class="verkehrsplaner.NormaleStrasseEinstellungen"> 
  <void property="anbindungen"> 
   <void index="0"> 
    <int>26</int> 
   </void> 
   <void index="1"> 
    <int>29</int> 
   </void> 
  </void> 
  <void property="fahrzeugeProMinute"> 
   <double>3.0</double> 
  </void> 
  <void property="id"> 
   <int>73</int> 
  </void> 
  <void property="konnektoren"> 
   <void index="0"> 
    <int>3</int> 
   </void> 
   <void index="1"> 
    <int>0</int> 
   </void> 
  </void> 
  <void property="kurveY"> 
   <int>-2</int> 
  </void> 
  <void property="name"> 
   <string>Strasse73</string> 
  </void> 
 </object> 
 <object class="verkehrsplaner.NormaleStrasseEinstellungen"> 
  <void property="anbindungen"> 
   <void index="0"> 
    <int>28</int> 
   </void> 
   <void index="1"> 
    <int>75</int> 
   </void> 
  </void> 
  <void property="fahrzeugeProMinute"> 
   <double>3.0</double> 
  </void> 
  <void property="id"> 
   <int>76</int> 
  </void> 
  <void property="konnektoren"> 
   <void index="0"> 
    <int>1</int> 
   </void> 
   <void index="1"> 
    <int>0</int> 
   </void> 
  </void> 
  <void property="kurveY"> 
   <int>-2</int> 
  </void> 
  <void property="name"> 
   <string>Strasse76</string> 
  </void> 
 </object> 
 <object class="verkehrsplaner.NormaleStrasseEinstellungen"> 
  <void property="anbindungen"> 
   <void index="0"> 
    <int>26</int> 
   </void> 
   <void index="1"> 
    <int>74</int> 
   </void> 
  </void> 
  <void property="fahrzeugeProMinute"> 
   <double>3.0</double> 
  </void> 
  <void property="id"> 
   <int>77</int> 
  </void> 
  <void property="konnektoren"> 
   <void index="0"> 
    <int>1</int> 
   </void> 
   <void index="1"> 
    <int>0</int> 
   </void> 
  </void> 
  <void property="kurveY"> 
   <int>-2</int> 
  </void> 
  <void property="name"> 
   <string>Strasse77</string> 
  </void> 
 </object> 
 <object class="verkehrsplaner.NormaleStrasseEinstellungen"> 
  <void property="anbindungen"> 
   <void index="0"> 
    <int>10</int> 
   </void> 
   <void index="1"> 
    <int>78</int> 
   </void> 
  </void> 
  <void property="fahrzeugeProMinute"> 
   <double>4.0</double> 
  </void> 
  <void property="id"> 
   <int>79</int> 
  </void> 
  <void property="konnektoren"> 
   <void index="0"> 
    <int>0</int> 
   </void> 
   <void index="1"> 
    <int>2</int> 
   </void> 
  </void> 
  <void property="kurveX"> 
   <int>784</int> 
  </void> 
  <void property="kurveY"> 
   <int>426</int> 
  </void> 
  <void property="laenge"> 
   <double>125.0</double> 
  </void> 
  <void property="name"> 
   <string>Strasse79</string> 
  </void> 
  <void property="strassenArt"> 
   <int>1</int> 
  </void> 
 </object> 
 <object class="verkehrsplaner.NormaleStrasseEinstellungen"> 
  <void property="anbindungen"> 
   <void index="0"> 
    <int>78</int> 
   </void> 
   <void index="1"> 
    <int>20</int> 
   </void> 
  </void> 
  <void property="fahrzeugeProMinute"> 
   <double>4.0</double> 
  </void> 
  <void property="id"> 
   <int>80</int> 
  </void> 
  <void property="konnektoren"> 
   <void index="0"> 
    <int>0</int> 
   </void> 
   <void index="1"> 
    <int>3</int> 
   </void> 
  </void> 
  <void property="kurveX"> 
   <int>860</int> 
  </void> 
  <void property="kurveY"> 
   <int>356</int> 
  </void> 
  <void property="laenge"> 
   <double>150.0</double> 
  </void> 
  <void property="name"> 
   <string>Strasse80</string> 
  </void> 
  <void property="strassenArt"> 
   <int>1</int> 
  </void> 
 </object> 
 <object class="verkehrsplaner.NormaleStrasseEinstellungen"> 
  <void property="anbindungen"> 
   <void index="0"> 
    <int>81</int> 
   </void> 
   <void index="1"> 
    <int>78</int> 
   </void> 
  </void> 
  <void property="fahrzeugeProMinute"> 
   <double>3.0</double> 
  </void> 
  <void property="id"> 
   <int>83</int> 
  </void> 
  <void property="konnektoren"> 
   <void index="0"> 
    <int>0</int> 
   </void> 
   <void index="1"> 
    <int>3</int> 
   </void> 
  </void> 
  <void property="kurveX"> 
   <int>811</int> 
  </void> 
  <void property="kurveY"> 
   <int>346</int> 
  </void> 
  <void property="name"> 
   <string>Strasse83</string> 
  </void> 
 </object> 
 <object class="verkehrsplaner.NormaleStrasseEinstellungen"> 
  <void property="anbindungen"> 
   <void index="0"> 
    <int>78</int> 
   </void> 
   <void index="1"> 
    <int>82</int> 
   </void> 
  </void> 
  <void property="fahrzeugeProMinute"> 
   <double>3.0</double> 
  </void> 
  <void property="id"> 
   <int>84</int> 
  </void> 
  <void property="konnektoren"> 
   <void index="0"> 
    <int>1</int> 
   </void> 
   <void index="1"> 
    <int>0</int> 
   </void> 
  </void> 
  <void property="kurveX"> 
   <int>863</int> 
  </void> 
  <void property="kurveY"> 
   <int>392</int> 
  </void> 
  <void property="name"> 
   <string>Strasse84</string> 
  </void> 
 </object> 
 <object class="verkehrsplaner.NormaleStrasseEinstellungen"> 
  <void property="anbindungen"> 
   <void index="0"> 
    <int>8</int> 
   </void> 
   <void index="1"> 
    <int>12</int> 
   </void> 
  </void> 
  <void property="fahrzeugeProMinute"> 
   <double>2.0</double> 
  </void> 
  <void property="id"> 
   <int>91</int> 
  </void> 
  <void property="konnektoren"> 
   <void index="0"> 
    <int>0</int> 
   </void> 
   <void index="1"> 
    <int>2</int> 
   </void> 
  </void> 
  <void property="kurveX"> 
   <int>433</int> 
  </void> 
  <void property="kurveY"> 
   <int>276</int> 
  </void> 
  <void property="name"> 
   <string>Strasse91</string> 
  </void> 
 </object> 
 <object class="verkehrsplaner.NormaleStrasseEinstellungen"> 
  <void property="anbindungen"> 
   <void index="0"> 
    <int>12</int> 
   </void> 
   <void index="1"> 
    <int>17</int> 
   </void> 
  </void> 
  <void property="fahrzeugeProMinute"> 
   <double>2.0</double> 
  </void> 
  <void property="id"> 
   <int>92</int> 
  </void> 
  <void property="konnektoren"> 
   <void index="0"> 
    <int>0</int> 
   </void> 
   <void index="1"> 
    <int>2</int> 
   </void> 
  </void> 
  <void property="kurveX"> 
   <int>517</int> 
  </void> 
  <void property="kurveY"> 
   <int>158</int> 
  </void> 
  <void property="name"> 
   <string>Strasse92</string> 
  </void> 
 </object> 
 <object class="verkehrsplaner.NormaleStrasseEinstellungen"> 
  <void property="anbindungen"> 
   <void index="0"> 
    <int>68</int> 
   </void> 
   <void index="1"> 
    <int>93</int> 
   </void> 
  </void> 
  <void property="fahrzeugeProMinute"> 
   <double>10.0</double> 
  </void> 
  <void property="id"> 
   <int>94</int> 
  </void> 
  <void property="konnektoren"> 
   <void index="0"> 
    <int>1</int> 
   </void> 
   <void index="1"> 
    <int>0</int> 
   </void> 
  </void> 
  <void property="kurveX"> 
   <int>669</int> 
  </void> 
  <void property="kurveY"> 
   <int>338</int> 
  </void> 
  <void property="name"> 
   <string>Strasse94</string> 
  </void> 
 </object> 
 <object class="verkehrsplaner.NormaleStrasseEinstellungen"> 
  <void property="anbindungen"> 
   <void index="0"> 
    <int>95</int> 
   </void> 
   <void index="1"> 
    <int>25</int> 
   </void> 
  </void> 
  <void property="fahrzeugeProMinute"> 
   <double>3.0</double> 
  </void> 
  <void property="id"> 
   <int>96</int> 
  </void> 
  <void property="konnektoren"> 
   <void index="0"> 
    <int>0</int> 
   </void> 
   <void index="1"> 
    <int>3</int> 
   </void> 
  </void> 
  <void property="kurveX"> 
   <int>598</int> 
  </void> 
  <void property="kurveY"> 
   <int>819</int> 
  </void> 
  <void property="name"> 
   <string>Strasse96</string> 
  </void> 
 </object> 
 <object class="verkehrsplaner.NormaleStrasseEinstellungen"> 
  <void property="anbindungen"> 
   <void index="0"> 
    <int>30</int> 
   </void> 
   <void index="1"> 
    <int>97</int> 
   </void> 
  </void> 
  <void property="fahrzeugeProMinute"> 
   <double>10.0</double> 
  </void> 
  <void property="id"> 
   <int>99</int> 
  </void> 
  <void property="konnektoren"> 
   <void index="0"> 
    <int>1</int> 
   </void> 
   <void index="1"> 
    <int>0</int> 
   </void> 
  </void> 
  <void property="kurveY"> 
   <int>-2</int> 
  </void> 
  <void property="name"> 
   <string>Strasse99</string> 
  </void> 
  <void property="strassenArt"> 
   <int>1</int> 
  </void> 
 </object> 
 <object class="verkehrsplaner.NormaleStrasseEinstellungen"> 
  <void property="anbindungen"> 
   <void index="0"> 
    <int>98</int> 
   </void> 
   <void index="1"> 
    <int>28</int> 
   </void> 
  </void> 
  <void property="fahrzeugeProMinute"> 
   <double>10.0</double> 
  </void> 
  <void property="id"> 
   <int>100</int> 
  </void> 
  <void property="konnektoren"> 
   <void index="0"> 
    <int>0</int> 
   </void> 
   <void index="1"> 
    <int>3</int> 
   </void> 
  </void> 
  <void property="kurveY"> 
   <int>-2</int> 
  </void> 
  <void property="name"> 
   <string>Strasse100</string> 
  </void> 
  <void property="strassenArt"> 
   <int>1</int> 
  </void> 
 </object> 
</java> 
