<?xml version="1.0" encoding="UTF-8"?>
<mapping>


	<!-- mapping for class 'A' -->
	<class name="bedarf.Bedarf">
		<map-to xml="bed" />
		<field name="startZeitpunkt" type="date"
			handler="castor.utils.DateTimeHandler">
			<bind-xml node="attribute" />
		</field>
		<field name="endZeitpunkt" type="date"
			handler="castor.utils.DateTimeHandler">
			<bind-xml node="attribute" />
		</field>
		<field name="bedarf" collection="map">
			<bind-xml>
				<class name="org.exolab.castor.mapping.MapItem">
					<field name="key" type="date"
						handler="castor.utils.DateTimeHandler">
						<bind-xml name="id" />
					</field>
					<field name="value" type="bedarf.TagesBedarf" />
				</class>
			</bind-xml>
		</field>

	</class>
	<class name="bedarf.SchichtBedarf">
		<field name="anzahlPersonen">
			<bind-xml node="attribute" />
		</field>
	</class>

	<class name="bedarf.TagesBedarf">
		<field name="bedarfFrueh">

		</field>
		<field name="bedarfNacht">

		</field>
		<field name="bedarfSpaet">

		</field>
		<field name="datum" type="date"
			handler="castor.utils.DateTimeHandler">
			<bind-xml node="attribute" />
		</field>
	</class>

	<class name="java.util.GregorianCalendar" type="date"
		handler="castor.utils.DateTimeHandler">
	</class>



</mapping>