<?xml version="1.0" encoding="UTF-8"?>
<!-- 
	Standard problem 
 -->
<task>
	<meta>
		<solver>lp_solve</solver>
	</meta>
	<objective>
		<type>max</type>
		<variables>
			<variable>
				<name>x1</name>
				<coefficient>1</coefficient>
			</variable>
			<variable>
				<name>x2</name>
				<coefficient>2</coefficient>
			</variable>
		</variables>
	</objective>
	<constraints>
		<constraint>
			<type>L</type>
			<name>R1</name>
			<rhs>12</rhs>
			<variables>
				<variable>
					<name>x1</name>
					<coefficient>3</coefficient>
				</variable>
				<variable>
					<name>x2</name>
					<coefficient>2</coefficient>
				</variable>
			</variables>
		</constraint>
		<constraint>
			<type>L</type>
			<name>R2</name>
			<rhs>9</rhs>
			<variables>
				<variable>
					<name>x1</name>
					<coefficient>1</coefficient>
				</variable>
				<variable>
					<name>x2</name>
					<coefficient>3</coefficient>
				</variable>
			</variables>
		</constraint>
		<constraint>
			<type>G</type>
			<name>R3</name>
			<rhs>10</rhs>
			<variables>
				<variable>
					<name>x1</name>
					<coefficient>1</coefficient>
				</variable>
				<variable>
					<name>x2</name>
					<coefficient>3</coefficient>
				</variable>
			</variables>
		</constraint>
	</constraints>
	<bounds>
		<bound>
			<variableName></variableName>
			<lowerBound></lowerBound>
			<upperBound></upperBound>
			<isInteger></isInteger>
		</bound>
	</bounds>
</task>
