<?xml version="1.0" encoding="UTF-8"?>
<java version="1.8.0_31" class="java.beans.XMLDecoder">
 <object class="verkehrsplaner.AllgemeineEinstellungen">
  <void property="anzahlAmpelGross">
   <int>9</int>
  </void>
  <void property="anzahlAmpelMittel">
   <int>3</int>
  </void>
  <void property="anzahlAmpelTyp2">
   <int>1</int>
  </void>
  <void property="anzahlKreisverkehrTyp2">
   <int>4</int>
  </void>
  <void property="anzahlQuellen">
   <int>8</int>
  </void>
  <void property="anzahlSenken">
   <int>12</int>
  </void>
  <void property="anzahlStrassen">
   <int>41</int>
  </void>
  <void property="anzahlVorfahrt">
   <int>1</int>
  </void>
  <void property="idCounter">
   <int>111</int>
  </void>
  <void property="oldHeight">
   <int>585</int>
  </void>
  <void property="oldWidth">
   <int>974</int>
  </void>
  <void property="simulationsDauer">
   <double>7200.0</double>
  </void>
 </object>
 <object class="ampelTyp2.AmpelTyp2Einstellungen" id="AmpelTyp2Einstellungen0">
  <void id="doubleArrayArray0" property="abbiegenWahl">
   <void index="0">
    <void index="0">
     <double>0.5357</double>
    </void>
    <void index="1">
     <double>0.1071</double>
    </void>
    <void index="2">
     <double>0.3571</double>
    </void>
   </void>
   <void index="1">
    <void index="0">
     <double>0.1429</double>
    </void>
    <void index="1">
     <double>0.7143</double>
    </void>
    <void index="2">
     <double>0.1429</double>
    </void>
   </void>
   <void index="2">
    <void index="0">
     <double>0.3571</double>
    </void>
    <void index="1">
     <double>0.1071</double>
    </void>
    <void index="2">
     <double>0.5357</double>
    </void>
   </void>
   <void index="3">
    <void index="0">
     <double>0.1875</double>
    </void>
    <void index="1">
     <double>0.625</double>
    </void>
    <void index="2">
     <double>0.1875</double>
    </void>
   </void>
  </void>
  <void property="anbindungen">
   <void index="0">
    <int>97</int>
   </void>
   <void index="1">
    <int>50</int>
   </void>
   <void index="2">
    <int>31</int>
   </void>
   <void index="3">
    <int>29</int>
   </void>
  </void>
  <void property="id">
   <int>27</int>
  </void>
  <void property="name">
   <string>Ampel27</string>
  </void>
  <void property="x">
   <int>520</int>
  </void>
  <void property="y">
   <int>189</int>
  </void>
 </object>
 <object class="ampelMittel.AmpelMittelEinstellungen" id="AmpelMittelEinstellungen0">
  <void id="doubleArrayArray1" property="abbiegenWahl">
   <void index="0">
    <void index="0">
     <double>0.7692</double>
    </void>
    <void index="1">
     <double>0.0</double>
    </void>
    <void index="2">
     <double>0.2308</double>
    </void>
   </void>
   <void index="1">
    <void index="0">
     <double>0.6667</double>
    </void>
    <void index="1">
     <double>0.3333</double>
    </void>
    <void index="2">
     <double>0.0</double>
    </void>
   </void>
   <void index="2">
    <void index="0">
     <double>0.0909</double>
    </void>
    <void index="1">
     <double>0.6061</double>
    </void>
    <void index="2">
     <double>0.303</double>
    </void>
   </void>
   <void index="3">
    <void index="0">
     <double>0.0</double>
    </void>
    <void index="1">
     <double>0.1304</double>
    </void>
    <void index="2">
     <double>0.8696</double>
    </void>
   </void>
  </void>
  <void property="ampelSchaltZeiten">
   <void index="1">
    <double>3.0</double>
   </void>
   <void index="2">
    <double>0.0</double>
   </void>
  </void>
  <void property="anbindungen">
   <void index="0">
    <int>69</int>
   </void>
   <void index="1">
    <int>83</int>
   </void>
   <void index="3">
    <int>48</int>
   </void>
  </void>
  <void property="id">
   <int>17</int>
  </void>
  <void property="name">
   <string>Ampel17</string>
  </void>
  <void property="x">
   <int>547</int>
  </void>
  <void property="y">
   <int>397</int>
  </void>
 </object>
 <object class="ampelMittel.AmpelMittelEinstellungen" id="AmpelMittelEinstellungen1">
  <void id="doubleArrayArray2" property="abbiegenWahl">
   <void index="0">
    <void index="0">
     <double>0.1154</double>
    </void>
    <void index="1">
     <double>0.7692</double>
    </void>
    <void index="2">
     <double>0.1154</double>
    </void>
   </void>
   <void index="1">
    <void index="0">
     <double>0.0</double>
    </void>
    <void index="1">
     <double>0.1304</double>
    </void>
    <void index="2">
     <double>0.8696</double>
    </void>
   </void>
   <void index="2">
    <void index="0">
     <double>0.5</double>
    </void>
    <void index="1">
     <double>0.0</double>
    </void>
    <void index="2">
     <double>0.5</double>
    </void>
   </void>
   <void index="3">
    <void index="0">
     <double>0.8696</double>
    </void>
    <void index="1">
     <double>0.1304</double>
    </void>
    <void index="2">
     <double>0.0</double>
    </void>
   </void>
  </void>
  <void property="ampelSchaltZeiten">
   <void index="0">
    <double>0.0</double>
   </void>
   <void index="1">
    <double>3.0</double>
   </void>
  </void>
  <void property="anbindungen">
   <void index="1">
    <int>84</int>
   </void>
   <void index="2">
    <int>71</int>
   </void>
   <void index="3">
    <int>56</int>
   </void>
  </void>
  <void property="id">
   <int>18</int>
  </void>
  <void property="name">
   <string>Ampel18</string>
  </void>
  <void property="x">
   <int>535</int>
  </void>
  <void property="y">
   <int>440</int>
  </void>
 </object>
 <object class="ampelMittel.AmpelMittelEinstellungen" id="AmpelMittelEinstellungen2">
  <void id="doubleArrayArray3" property="abbiegenWahl">
   <void index="0">
    <void index="0">
     <double>0.5</double>
    </void>
    <void index="1">
     <double>0.5</double>
    </void>
    <void index="2">
     <double>0.0</double>
    </void>
   </void>
   <void index="1">
    <void index="0">
     <double>0.3333</double>
    </void>
    <void index="1">
     <double>0.3333</double>
    </void>
    <void index="2">
     <double>0.3333</double>
    </void>
   </void>
   <void index="2">
    <void index="0">
     <double>0.0</double>
    </void>
    <void index="1">
     <double>0.5</double>
    </void>
    <void index="2">
     <double>0.5</double>
    </void>
   </void>
   <void index="3">
    <void index="0">
     <double>0.5</double>
    </void>
    <void index="1">
     <double>0.0</double>
    </void>
    <void index="2">
     <double>0.5</double>
    </void>
   </void>
  </void>
  <void property="ampelSchaltZeiten">
   <void index="1">
    <double>0.0</double>
   </void>
  </void>
  <void property="anbindungen">
   <void index="0">
    <int>70</int>
   </void>
   <void index="2">
    <int>73</int>
   </void>
   <void index="3">
    <int>72</int>
   </void>
  </void>
  <void property="id">
   <int>19</int>
  </void>
  <void property="name">
   <string>Ampel19</string>
  </void>
  <void property="x">
   <int>631</int>
  </void>
  <void property="y">
   <int>549</int>
  </void>
 </object>
 <object class="ampelGross.AmpelGrossEinstellungen" id="AmpelGrossEinstellungen0">
  <void id="doubleArrayArray4" property="abbiegenWahl">
   <void index="0">
    <void index="0">
     <double>0.5</double>
    </void>
    <void index="1">
     <double>0.0</double>
    </void>
    <void index="2">
     <double>0.5</double>
    </void>
   </void>
   <void index="1">
    <void index="0">
     <double>0.1304</double>
    </void>
    <void index="1">
     <double>0.8696</double>
    </void>
    <void index="2">
     <double>0.0</double>
    </void>
   </void>
   <void index="2">
    <void index="0">
     <double>0.4651</double>
    </void>
    <void index="1">
     <double>0.0698</double>
    </void>
    <void index="2">
     <double>0.4651</double>
    </void>
   </void>
   <void index="3">
    <void index="0">
     <double>0.0</double>
    </void>
    <void index="1">
     <double>0.8696</double>
    </void>
    <void index="2">
     <double>0.1304</double>
    </void>
   </void>
  </void>
  <void property="ampelSchaltZeiten">
   <void index="1">
    <double>25.0</double>
   </void>
   <void index="2">
    <double>0.0</double>
   </void>
   <void index="3">
    <double>20.0</double>
   </void>
  </void>
  <void property="anbindungen">
   <void index="0">
    <int>31</int>
   </void>
   <void index="1">
    <int>107</int>
   </void>
   <void index="3">
    <int>81</int>
   </void>
  </void>
  <void property="id">
   <int>10</int>
  </void>
  <void property="name">
   <string>Ampel10</string>
  </void>
  <void property="x">
   <int>495</int>
  </void>
  <void property="y">
   <int>251</int>
  </void>
 </object>
 <object class="ampelGross.AmpelGrossEinstellungen" id="AmpelGrossEinstellungen1">
  <void id="doubleArrayArray5" property="abbiegenWahl">
   <void index="0">
    <void index="0">
     <double>0.5556</double>
    </void>
    <void index="1">
     <double>0.0</double>
    </void>
    <void index="2">
     <double>0.4444</double>
    </void>
   </void>
   <void index="1">
    <void index="0">
     <double>0.2857</double>
    </void>
    <void index="1">
     <double>0.7143</double>
    </void>
    <void index="2">
     <double>0.0</double>
    </void>
   </void>
   <void index="2">
    <void index="0">
     <double>0.3636</double>
    </void>
    <void index="1">
     <double>0.1818</double>
    </void>
    <void index="2">
     <double>0.4545</double>
    </void>
   </void>
   <void index="3">
    <void index="0">
     <double>0.0</double>
    </void>
    <void index="1">
     <double>0.6667</double>
    </void>
    <void index="2">
     <double>0.3333</double>
    </void>
   </void>
  </void>
  <void property="ampelSchaltZeiten">
   <void index="0">
    <double>5.0</double>
   </void>
   <void index="2">
    <double>0.0</double>
   </void>
  </void>
  <void property="anbindungen">
   <void index="0">
    <int>47</int>
   </void>
   <void index="1">
    <int>64</int>
   </void>
   <void index="3">
    <int>99</int>
   </void>
  </void>
  <void property="id">
   <int>12</int>
  </void>
  <void property="name">
   <string>Ampel12</string>
  </void>
  <void property="x">
   <int>701</int>
  </void>
  <void property="y">
   <int>179</int>
  </void>
 </object>
 <object class="ampelGross.AmpelGrossEinstellungen" id="AmpelGrossEinstellungen2">
  <void id="doubleArrayArray6" property="abbiegenWahl">
   <void index="0">
    <void index="0">
     <double>0.1176</double>
    </void>
    <void index="1">
     <double>0.5882</double>
    </void>
    <void index="2">
     <double>0.2941</double>
    </void>
   </void>
   <void index="1">
    <void index="0">
     <double>0.4545</double>
    </void>
    <void index="1">
     <double>0.0909</double>
    </void>
    <void index="2">
     <double>0.4545</double>
    </void>
   </void>
   <void index="2">
    <void index="0">
     <double>0.2941</double>
    </void>
    <void index="1">
     <double>0.5882</double>
    </void>
    <void index="2">
     <double>0.1176</double>
    </void>
   </void>
   <void index="3">
    <void index="0">
     <double>0.4</double>
    </void>
    <void index="1">
     <double>0.2</double>
    </void>
    <void index="2">
     <double>0.4</double>
    </void>
   </void>
  </void>
  <void property="ampelSchaltZeiten">
   <void index="1">
    <double>7.0</double>
   </void>
  </void>
  <void property="anbindungen">
   <void index="0">
    <int>64</int>
   </void>
   <void index="1">
    <int>46</int>
   </void>
   <void index="2">
    <int>88</int>
   </void>
   <void index="3">
    <int>32</int>
   </void>
  </void>
  <void property="id">
   <int>13</int>
  </void>
  <void property="name">
   <string>Ampel13</string>
  </void>
  <void property="x">
   <int>731</int>
  </void>
  <void property="y">
   <int>219</int>
  </void>
 </object>
 <object class="ampelGross.AmpelGrossEinstellungen" id="AmpelGrossEinstellungen3">
  <void id="doubleArrayArray7" property="abbiegenWahl">
   <void index="0">
    <void index="0">
     <double>0.0698</double>
    </void>
    <void index="1">
     <double>0.4651</double>
    </void>
    <void index="2">
     <double>0.4651</double>
    </void>
   </void>
   <void index="1">
    <void index="0">
     <double>0.4651</double>
    </void>
    <void index="1">
     <double>0.0698</double>
    </void>
    <void index="2">
     <double>0.4651</double>
    </void>
   </void>
   <void index="2">
    <void index="0">
     <double>0.4651</double>
    </void>
    <void index="1">
     <double>0.4651</double>
    </void>
    <void index="2">
     <double>0.0698</double>
    </void>
   </void>
   <void index="3">
    <void index="0">
     <double>0.3333</double>
    </void>
    <void index="1">
     <double>0.3333</double>
    </void>
    <void index="2">
     <double>0.3333</double>
    </void>
   </void>
  </void>
  <void property="ampelSchaltZeiten">
   <void index="3">
    <double>0.1</double>
   </void>
  </void>
  <void property="anbindungen">
   <void index="0">
    <int>71</int>
   </void>
   <void index="1">
    <int>72</int>
   </void>
   <void index="2">
    <int>74</int>
   </void>
   <void index="3">
    <int>58</int>
   </void>
  </void>
  <void property="id">
   <int>15</int>
  </void>
  <void property="name">
   <string>Ampel15</string>
  </void>
  <void property="x">
   <int>503</int>
  </void>
  <void property="y">
   <int>548</int>
  </void>
 </object>
 <object class="ampelGross.AmpelGrossEinstellungen" id="AmpelGrossEinstellungen4">
  <void id="doubleArrayArray8" property="abbiegenWahl">
   <void index="0">
    <void index="0">
     <double>0.0</double>
    </void>
    <void index="1">
     <double>0.6667</double>
    </void>
    <void index="2">
     <double>0.3333</double>
    </void>
   </void>
   <void index="1">
    <void index="0">
     <double>0.3333</double>
    </void>
    <void index="1">
     <double>0.0</double>
    </void>
    <void index="2">
     <double>0.6667</double>
    </void>
   </void>
   <void index="2">
    <void index="0">
     <double>0.5</double>
    </void>
    <void index="1">
     <double>0.5</double>
    </void>
    <void index="2">
     <double>0.0</double>
    </void>
   </void>
   <void index="3">
    <void index="0">
     <double>0.5</double>
    </void>
    <void index="1">
     <double>0.25</double>
    </void>
    <void index="2">
     <double>0.25</double>
    </void>
   </void>
  </void>
  <void property="ampelSchaltZeiten">
   <void index="1">
    <double>5.0</double>
   </void>
   <void index="3">
    <double>0.0</double>
   </void>
  </void>
  <void property="anbindungen">
   <void index="0">
    <int>80</int>
   </void>
   <void index="1">
    <int>60</int>
   </void>
   <void index="2">
    <int>79</int>
   </void>
  </void>
  <void property="id">
   <int>20</int>
  </void>
  <void property="name">
   <string>Ampel20</string>
  </void>
  <void property="x">
   <int>388</int>
  </void>
  <void property="y">
   <int>351</int>
  </void>
 </object>
 <object class="ampelGross.AmpelGrossEinstellungen" id="AmpelGrossEinstellungen5">
  <void id="doubleArrayArray9" property="abbiegenWahl">
   <void index="0">
    <void index="0">
     <double>0.3333</double>
    </void>
    <void index="1">
     <double>0.3333</double>
    </void>
    <void index="2">
     <double>0.3333</double>
    </void>
   </void>
   <void index="1">
    <void index="0">
     <double>0.3333</double>
    </void>
    <void index="1">
     <double>0.3333</double>
    </void>
    <void index="2">
     <double>0.3333</double>
    </void>
   </void>
   <void index="2">
    <void index="0">
     <double>0.3333</double>
    </void>
    <void index="1">
     <double>0.3333</double>
    </void>
    <void index="2">
     <double>0.3333</double>
    </void>
   </void>
   <void index="3">
    <void index="0">
     <double>0.3333</double>
    </void>
    <void index="1">
     <double>0.3333</double>
    </void>
    <void index="2">
     <double>0.3333</double>
    </void>
   </void>
  </void>
  <void property="anbindungen">
   <void index="0">
    <int>79</int>
   </void>
   <void index="1">
    <int>75</int>
   </void>
   <void index="2">
    <int>78</int>
   </void>
   <void index="3">
    <int>77</int>
   </void>
  </void>
  <void property="id">
   <int>21</int>
  </void>
  <void property="name">
   <string>Ampel21</string>
  </void>
  <void property="x">
   <int>370</int>
  </void>
  <void property="y">
   <int>456</int>
  </void>
 </object>
 <object class="ampelGross.AmpelGrossEinstellungen" id="AmpelGrossEinstellungen6">
  <void id="doubleArrayArray10" property="abbiegenWahl">
   <void index="0">
    <void index="0">
     <double>0.15</double>
    </void>
    <void index="1">
     <double>0.7</double>
    </void>
    <void index="2">
     <double>0.15</double>
    </void>
   </void>
   <void index="1">
    <void index="0">
     <double>0.15</double>
    </void>
    <void index="1">
     <double>0.35</double>
    </void>
    <void index="2">
     <double>0.5</double>
    </void>
   </void>
   <void index="2">
    <void index="0">
     <double>0.3333</double>
    </void>
    <void index="1">
     <double>0.3333</double>
    </void>
    <void index="2">
     <double>0.3333</double>
    </void>
   </void>
   <void index="3">
    <void index="0">
     <double>0.6</double>
    </void>
    <void index="1">
     <double>0.3</double>
    </void>
   </void>
  </void>
  <void property="ampelSchaltZeiten">
   <void index="0">
    <double>25.0</double>
   </void>
   <void index="1">
    <double>25.0</double>
   </void>
   <void index="2">
    <double>25.0</double>
   </void>
  </void>
  <void property="anbindungen">
   <void index="0">
    <int>88</int>
   </void>
   <void index="1">
    <int>89</int>
   </void>
   <void index="2">
    <int>90</int>
   </void>
   <void index="3">
    <int>108</int>
   </void>
  </void>
  <void property="id">
   <int>86</int>
  </void>
  <void property="modus">
   <int>1</int>
  </void>
  <void property="name">
   <string>Ampel86</string>
  </void>
  <void property="x">
   <int>673</int>
  </void>
  <void property="y">
   <int>325</int>
  </void>
 </object>
 <object class="ampelGross.AmpelGrossEinstellungen" id="AmpelGrossEinstellungen7">
  <void id="doubleArrayArray11" property="abbiegenWahl">
   <void index="0">
    <void index="0">
     <double>0.4762</double>
    </void>
    <void index="1">
     <double>0.0476</double>
    </void>
    <void index="2">
     <double>0.4762</double>
    </void>
   </void>
   <void index="1">
    <void index="0">
     <double>0.0</double>
    </void>
    <void index="1">
     <double>0.9091</double>
    </void>
    <void index="2">
     <double>0.0909</double>
    </void>
   </void>
   <void index="2">
    <void index="0">
     <double>0.5</double>
    </void>
    <void index="1">
     <double>0.0</double>
    </void>
    <void index="2">
     <double>0.5</double>
    </void>
   </void>
   <void index="3">
    <void index="0">
     <double>0.0909</double>
    </void>
    <void index="1">
     <double>0.9091</double>
    </void>
    <void index="2">
     <double>0.0</double>
    </void>
   </void>
  </void>
  <void property="ampelSchaltZeiten">
   <void index="0">
    <double>0.0</double>
   </void>
   <void index="1">
    <double>17.0</double>
   </void>
   <void index="2">
    <double>12.0</double>
   </void>
   <void index="3">
    <double>40.0</double>
   </void>
  </void>
  <void property="anbindungen">
   <void index="1">
    <int>98</int>
   </void>
   <void index="2">
    <int>49</int>
   </void>
   <void index="3">
    <int>61</int>
   </void>
  </void>
  <void property="id">
   <int>9</int>
  </void>
  <void property="name">
   <string>Ampel9</string>
  </void>
  <void property="x">
   <int>409</int>
  </void>
  <void property="y">
   <int>68</int>
  </void>
 </object>
 <object class="ampelGross.AmpelGrossEinstellungen" id="AmpelGrossEinstellungen8">
  <void id="doubleArrayArray12" property="abbiegenWahl">
   <void index="0">
    <void index="0">
     <double>0.5</double>
    </void>
    <void index="1">
     <double>0.5</double>
    </void>
    <void index="2">
     <double>0.0</double>
    </void>
   </void>
   <void index="1">
    <void index="0">
     <double>0.3333</double>
    </void>
    <void index="1">
     <double>0.3333</double>
    </void>
    <void index="2">
     <double>0.3333</double>
    </void>
   </void>
   <void index="2">
    <void index="0">
     <double>0.0</double>
    </void>
    <void index="1">
     <double>0.5</double>
    </void>
    <void index="2">
     <double>0.5</double>
    </void>
   </void>
   <void index="3">
    <void index="0">
     <double>0.5</double>
    </void>
    <void index="1">
     <double>0.0</double>
    </void>
    <void index="2">
     <double>0.5</double>
    </void>
   </void>
  </void>
  <void property="ampelSchaltZeiten">
   <void index="0">
    <double>10.0</double>
   </void>
   <void index="1">
    <double>0.0</double>
   </void>
   <void index="2">
    <double>10.0</double>
   </void>
  </void>
  <void property="anbindungen">
   <void index="0">
    <int>90</int>
   </void>
   <void index="2">
    <int>70</int>
   </void>
   <void index="3">
    <int>69</int>
   </void>
  </void>
  <void property="id">
   <int>14</int>
  </void>
  <void property="modus">
   <int>1</int>
  </void>
  <void property="name">
   <string>Ampel14</string>
  </void>
  <void property="x">
   <int>637</int>
  </void>
  <void property="y">
   <int>388</int>
  </void>
 </object>
 <object class="kreisverkehrTyp2.KreisverkehrTyp2Einstellungen" id="KreisverkehrTyp2Einstellungen0">
  <void id="doubleArrayArray13" property="abbiegenWahl">
   <void index="0">
    <void index="0">
     <double>0.15</double>
    </void>
    <void index="1">
     <double>0.1</double>
    </void>
    <void index="2">
     <double>0.75</double>
    </void>
   </void>
   <void index="1">
    <void index="0">
     <double>0.2857</double>
    </void>
    <void index="1">
     <double>0.4286</double>
    </void>
    <void index="2">
     <double>0.2857</double>
    </void>
   </void>
   <void index="2">
    <void index="0">
     <double>0.75</double>
    </void>
    <void index="1">
     <double>0.1</double>
    </void>
    <void index="2">
     <double>0.15</double>
    </void>
   </void>
   <void index="3">
    <void index="0">
     <double>0.1053</double>
    </void>
    <void index="1">
     <double>0.7895</double>
    </void>
    <void index="2">
     <double>0.1053</double>
    </void>
   </void>
  </void>
  <void property="anbindungen">
   <void index="0">
    <int>49</int>
   </void>
   <void index="1">
    <int>29</int>
   </void>
   <void index="2">
    <int>55</int>
   </void>
   <void index="3">
    <int>28</int>
   </void>
  </void>
  <void property="id">
   <int>23</int>
  </void>
  <void property="name">
   <string>Kreisverkehr23</string>
  </void>
  <void property="x">
   <int>352</int>
  </void>
  <void property="y">
   <int>144</int>
  </void>
 </object>
 <object class="kreisverkehrTyp2.KreisverkehrTyp2Einstellungen" id="KreisverkehrTyp2Einstellungen1">
  <void id="doubleArrayArray14" property="abbiegenWahl">
   <void index="0">
    <void index="0">
     <double>0.4</double>
    </void>
    <void index="1">
     <double>0.4</double>
    </void>
    <void index="2">
     <double>0.2</double>
    </void>
   </void>
   <void index="1">
    <void index="0">
     <double>0.0476</double>
    </void>
    <void index="1">
     <double>0.4762</double>
    </void>
    <void index="2">
     <double>0.4762</double>
    </void>
   </void>
   <void index="2">
    <void index="0">
     <double>0.3125</double>
    </void>
    <void index="1">
     <double>0.0625</double>
    </void>
    <void index="2">
     <double>0.625</double>
    </void>
   </void>
   <void index="3">
    <void index="0">
     <double>0.625</double>
    </void>
    <void index="1">
     <double>0.3125</double>
    </void>
    <void index="2">
     <double>0.0625</double>
    </void>
   </void>
  </void>
  <void property="anbindungen">
   <void index="0">
    <int>55</int>
   </void>
   <void index="1">
    <int>80</int>
   </void>
   <void index="2">
    <int>81</int>
   </void>
   <void index="3">
    <int>82</int>
   </void>
  </void>
  <void property="id">
   <int>24</int>
  </void>
  <void property="name">
   <string>Kreisverkehr24</string>
  </void>
  <void property="x">
   <int>317</int>
  </void>
  <void property="y">
   <int>212</int>
  </void>
 </object>
 <object class="kreisverkehrTyp2.KreisverkehrTyp2Einstellungen" id="KreisverkehrTyp2Einstellungen2">
  <void id="doubleArrayArray15" property="abbiegenWahl">
   <void index="0">
    <void index="0">
     <double>0.3333</double>
    </void>
    <void index="1">
     <double>0.3333</double>
    </void>
    <void index="2">
     <double>0.3333</double>
    </void>
   </void>
   <void index="1">
    <void index="0">
     <double>0.0</double>
    </void>
    <void index="1">
     <double>0.3333</double>
    </void>
    <void index="2">
     <double>0.3333</double>
    </void>
   </void>
   <void index="2">
    <void index="0">
     <double>0.3333</double>
    </void>
    <void index="1">
     <double>0.0</double>
    </void>
    <void index="2">
     <double>0.3333</double>
    </void>
   </void>
   <void index="3">
    <void index="0">
     <double>0.3333</double>
    </void>
    <void index="1">
     <double>0.3333</double>
    </void>
    <void index="2">
     <double>0.0</double>
    </void>
   </void>
  </void>
  <void property="anbindungen">
   <void index="1">
    <int>99</int>
   </void>
   <void index="2">
    <int>97</int>
   </void>
   <void index="3">
    <int>98</int>
   </void>
  </void>
  <void property="id">
   <int>96</int>
  </void>
  <void property="modus">
   <int>1</int>
  </void>
  <void property="name">
   <string>Kreisverkehr96</string>
  </void>
  <void property="x">
   <int>565</int>
  </void>
  <void property="y">
   <int>111</int>
  </void>
 </object>
 <object class="kreisverkehrTyp2.KreisverkehrTyp2Einstellungen" id="KreisverkehrTyp2Einstellungen3">
  <void id="doubleArrayArray16" property="abbiegenWahl">
   <void index="0">
    <void index="0">
     <double>0.5</double>
    </void>
    <void index="1">
     <double>0.0</double>
    </void>
    <void index="2">
     <double>0.5</double>
    </void>
   </void>
   <void index="1">
    <void index="0">
     <double>0.1667</double>
    </void>
    <void index="1">
     <double>0.8333</double>
    </void>
    <void index="2">
     <double>0.0</double>
    </void>
   </void>
   <void index="2">
    <void index="0">
     <double>0.4545</double>
    </void>
    <void index="1">
     <double>0.0909</double>
    </void>
    <void index="2">
     <double>0.4545</double>
    </void>
   </void>
   <void index="3">
    <void index="0">
     <double>0.0</double>
    </void>
    <void index="1">
     <double>0.8333</double>
    </void>
    <void index="2">
     <double>0.1667</double>
    </void>
   </void>
  </void>
  <void property="anbindungen">
   <void index="0">
    <int>109</int>
   </void>
   <void index="1">
    <int>108</int>
   </void>
   <void index="3">
    <int>107</int>
   </void>
  </void>
  <void property="id">
   <int>106</int>
  </void>
  <void property="name">
   <string>Kreisverkehr106</string>
  </void>
  <void property="x">
   <int>586</int>
  </void>
  <void property="y">
   <int>288</int>
  </void>
 </object>
 <object class="vorfahrt.VorfahrtEinstellungen" id="VorfahrtEinstellungen0">
  <void id="doubleArrayArray17" property="abbiegenWahl">
   <void index="0">
    <void index="0">
     <double>0.3</double>
    </void>
    <void index="1">
     <double>0.4</double>
    </void>
    <void index="2">
     <double>0.3</double>
    </void>
   </void>
   <void index="1">
    <void index="0">
     <double>0.3636</double>
    </void>
    <void index="1">
     <double>0.2727</double>
    </void>
    <void index="2">
     <double>0.3636</double>
    </void>
   </void>
   <void index="2">
    <void index="0">
     <double>0.3</double>
    </void>
    <void index="1">
     <double>0.4</double>
    </void>
    <void index="2">
     <double>0.3</double>
    </void>
   </void>
   <void index="3">
    <void index="0">
     <double>0.3636</double>
    </void>
    <void index="1">
     <double>0.2727</double>
    </void>
    <void index="2">
     <double>0.3636</double>
    </void>
   </void>
  </void>
  <void property="anbindungen">
   <void index="0">
    <int>32</int>
   </void>
   <void index="1">
    <int>53</int>
   </void>
   <void index="2">
    <int>109</int>
   </void>
   <void index="3">
    <int>52</int>
   </void>
  </void>
  <void property="id">
   <int>22</int>
  </void>
  <void property="name">
   <string>Vorfahrt22</string>
  </void>
  <void property="vorfahrtStrassen">
   <void index="0">
    <int>2</int>
   </void>
   <void index="1">
    <int>0</int>
   </void>
  </void>
  <void property="x">
   <int>652</int>
  </void>
  <void property="y">
   <int>241</int>
  </void>
 </object>
 <object class="verkehrsplaner.QuelleEinstellungen" id="QuelleEinstellungen0">
  <void property="anbindungen">
   <void index="0">
    <int>61</int>
   </void>
  </void>
  <void property="name">
   <string>Quelle0</string>
  </void>
  <void property="x">
   <int>337</int>
  </void>
  <void property="y">
   <int>14</int>
  </void>
 </object>
 <object class="verkehrsplaner.QuelleEinstellungen" id="QuelleEinstellungen1">
  <void property="anbindungen">
   <void index="0">
    <int>28</int>
   </void>
  </void>
  <void property="id">
   <int>1</int>
  </void>
  <void property="name">
   <string>Quelle1</string>
  </void>
  <void property="x">
   <int>233</int>
  </void>
  <void property="y">
   <int>104</int>
  </void>
 </object>
 <object class="verkehrsplaner.QuelleEinstellungen" id="QuelleEinstellungen2">
  <void property="anbindungen">
   <void index="0">
    <int>82</int>
   </void>
  </void>
  <void property="id">
   <int>2</int>
  </void>
  <void property="name">
   <string>Quelle2</string>
  </void>
  <void property="x">
   <int>197</int>
  </void>
  <void property="y">
   <int>176</int>
  </void>
 </object>
 <object class="verkehrsplaner.QuelleEinstellungen" id="QuelleEinstellungen3">
  <void property="anbindungen">
   <void index="0">
    <int>77</int>
   </void>
  </void>
  <void property="id">
   <int>3</int>
  </void>
  <void property="name">
   <string>Quelle3</string>
  </void>
  <void property="x">
   <int>257</int>
  </void>
  <void property="y">
   <int>462</int>
  </void>
 </object>
 <object class="verkehrsplaner.QuelleEinstellungen" id="QuelleEinstellungen4">
  <void property="anbindungen">
   <void index="0">
    <int>78</int>
   </void>
  </void>
  <void property="id">
   <int>4</int>
  </void>
  <void property="name">
   <string>Quelle4</string>
  </void>
  <void property="x">
   <int>361</int>
  </void>
  <void property="y">
   <int>560</int>
  </void>
 </object>
 <object class="verkehrsplaner.QuelleEinstellungen" id="QuelleEinstellungen5">
  <void property="anbindungen">
   <void index="0">
    <int>74</int>
   </void>
  </void>
  <void property="id">
   <int>6</int>
  </void>
  <void property="name">
   <string>Quelle6</string>
  </void>
  <void property="x">
   <int>461</int>
  </void>
  <void property="y">
   <int>567</int>
  </void>
 </object>
 <object class="verkehrsplaner.QuelleEinstellungen" id="QuelleEinstellungen6">
  <void property="anbindungen">
   <void index="0">
    <int>73</int>
   </void>
  </void>
  <void property="id">
   <int>7</int>
  </void>
  <void property="name">
   <string>Quelle7</string>
  </void>
  <void property="x">
   <int>576</int>
  </void>
  <void property="y">
   <int>576</int>
  </void>
 </object>
 <object class="verkehrsplaner.QuelleEinstellungen" id="QuelleEinstellungen7">
  <void property="anbindungen">
   <void index="0">
    <int>89</int>
   </void>
  </void>
  <void property="id">
   <int>8</int>
  </void>
  <void property="name">
   <string>Quelle8</string>
  </void>
  <void property="x">
   <int>927</int>
  </void>
  <void property="y">
   <int>192</int>
  </void>
 </object>
 <object class="verkehrsplaner.SenkeEinstellungen" id="SenkeEinstellungen0">
  <void property="anbindungen">
   <void index="0">
    <int>47</int>
   </void>
  </void>
  <void property="id">
   <int>33</int>
  </void>
  <void property="name">
   <string>Senke33</string>
  </void>
  <void property="x">
   <int>729</int>
  </void>
  <void property="y">
   <int>109</int>
  </void>
 </object>
 <object class="verkehrsplaner.SenkeEinstellungen" id="SenkeEinstellungen1">
  <void property="anbindungen">
   <void index="0">
    <int>46</int>
   </void>
  </void>
  <void property="id">
   <int>34</int>
  </void>
  <void property="name">
   <string>Senke34</string>
  </void>
  <void property="x">
   <int>795</int>
  </void>
  <void property="y">
   <int>183</int>
  </void>
 </object>
 <object class="verkehrsplaner.SenkeEinstellungen" id="SenkeEinstellungen2">
  <void property="anbindungen">
   <void index="0">
    <int>53</int>
   </void>
  </void>
  <void property="id">
   <int>35</int>
  </void>
  <void property="name">
   <string>Senke35</string>
  </void>
  <void property="x">
   <int>696</int>
  </void>
  <void property="y">
   <int>259</int>
  </void>
 </object>
 <object class="verkehrsplaner.SenkeEinstellungen" id="SenkeEinstellungen3">
  <void property="anbindungen">
   <void index="0">
    <int>52</int>
   </void>
  </void>
  <void property="id">
   <int>36</int>
  </void>
  <void property="name">
   <string>Senke36</string>
  </void>
  <void property="x">
   <int>603</int>
  </void>
  <void property="y">
   <int>224</int>
  </void>
 </object>
 <object class="verkehrsplaner.SenkeEinstellungen" id="SenkeEinstellungen4">
  <void property="anbindungen">
   <void index="0">
    <int>50</int>
   </void>
  </void>
  <void property="id">
   <int>37</int>
  </void>
  <void property="name">
   <string>Senke37</string>
  </void>
  <void property="x">
   <int>574</int>
  </void>
  <void property="y">
   <int>187</int>
  </void>
 </object>
 <object class="verkehrsplaner.SenkeEinstellungen" id="SenkeEinstellungen5">
  <void property="anbindungen">
   <void index="0">
    <int>48</int>
   </void>
  </void>
  <void property="id">
   <int>38</int>
  </void>
  <void property="name">
   <string>Senke38</string>
  </void>
  <void property="x">
   <int>485</int>
  </void>
  <void property="y">
   <int>379</int>
  </void>
 </object>
 <object class="verkehrsplaner.SenkeEinstellungen" id="SenkeEinstellungen6">
  <void property="anbindungen">
   <void index="0">
    <int>56</int>
   </void>
  </void>
  <void property="id">
   <int>39</int>
  </void>
  <void property="name">
   <string>Senke39</string>
  </void>
  <void property="x">
   <int>478</int>
  </void>
  <void property="y">
   <int>439</int>
  </void>
 </object>
 <object class="verkehrsplaner.SenkeEinstellungen" id="SenkeEinstellungen7">
  <void property="anbindungen">
   <void index="0">
    <int>60</int>
   </void>
  </void>
  <void property="id">
   <int>40</int>
  </void>
  <void property="name">
   <string>Senke40</string>
  </void>
  <void property="x">
   <int>440</int>
  </void>
  <void property="y">
   <int>332</int>
  </void>
 </object>
 <object class="verkehrsplaner.SenkeEinstellungen" id="SenkeEinstellungen8">
  <void property="anbindungen">
   <void index="0">
    <int>83</int>
   </void>
  </void>
  <void property="id">
   <int>41</int>
  </void>
  <void property="name">
   <string>Senke41</string>
  </void>
  <void property="x">
   <int>591</int>
  </void>
  <void property="y">
   <int>412</int>
  </void>
 </object>
 <object class="verkehrsplaner.SenkeEinstellungen" id="SenkeEinstellungen9">
  <void property="anbindungen">
   <void index="0">
    <int>84</int>
   </void>
  </void>
  <void property="id">
   <int>42</int>
  </void>
  <void property="name">
   <string>Senke42</string>
  </void>
  <void property="x">
   <int>576</int>
  </void>
  <void property="y">
   <int>462</int>
  </void>
 </object>
 <object class="verkehrsplaner.SenkeEinstellungen" id="SenkeEinstellungen10">
  <void property="anbindungen">
   <void index="0">
    <int>75</int>
   </void>
  </void>
  <void property="id">
   <int>43</int>
  </void>
  <void property="name">
   <string>Senke43</string>
  </void>
  <void property="x">
   <int>432</int>
  </void>
  <void property="y">
   <int>524</int>
  </void>
 </object>
 <object class="verkehrsplaner.SenkeEinstellungen" id="SenkeEinstellungen11">
  <void property="anbindungen">
   <void index="0">
    <int>58</int>
   </void>
  </void>
  <void property="id">
   <int>44</int>
  </void>
  <void property="name">
   <string>Senke44</string>
  </void>
  <void property="x">
   <int>475</int>
  </void>
  <void property="y">
   <int>500</int>
  </void>
 </object>
 <object class="verkehrsplaner.NormaleStrasseEinstellungen" id="NormaleStrasseEinstellungen0">
  <void property="anbindungen">
   <void index="0">
    <int>1</int>
   </void>
   <void index="1">
    <int>23</int>
   </void>
  </void>
  <void property="fahrzeugeProMinute">
   <double>3.0</double>
  </void>
  <void property="id">
   <int>28</int>
  </void>
  <void property="konnektoren">
   <void index="0">
    <int>0</int>
   </void>
   <void index="1">
    <int>3</int>
   </void>
  </void>
  <void property="name">
   <string>Strasse28</string>
  </void>
  <void property="strassenArt">
   <int>1</int>
  </void>
 </object>
 <object class="verkehrsplaner.NormaleStrasseEinstellungen" id="NormaleStrasseEinstellungen1">
  <void property="anbindungen">
   <void index="0">
    <int>23</int>
   </void>
   <void index="1">
    <int>27</int>
   </void>
  </void>
  <void property="fahrzeugeProMinute">
   <double>15.0</double>
  </void>
  <void property="id">
   <int>29</int>
  </void>
  <void property="konnektoren">
   <void index="0">
    <int>1</int>
   </void>
   <void index="1">
    <int>3</int>
   </void>
  </void>
  <void property="name">
   <string>Strasse29</string>
  </void>
  <void property="strassenArt">
   <int>1</int>
  </void>
 </object>
 <object class="verkehrsplaner.NormaleStrasseEinstellungen" id="NormaleStrasseEinstellungen2">
  <void property="anbindungen">
   <void index="0">
    <int>10</int>
   </void>
   <void index="1">
    <int>27</int>
   </void>
  </void>
  <void property="fahrzeugeProMinute">
   <double>3.0</double>
  </void>
  <void property="id">
   <int>31</int>
  </void>
  <void property="konnektoren">
   <void index="0">
    <int>0</int>
   </void>
   <void index="1">
    <int>2</int>
   </void>
  </void>
  <void property="name">
   <string>Strasse31</string>
  </void>
  <void property="strassenArt">
   <int>1</int>
  </void>
 </object>
 <object class="verkehrsplaner.NormaleStrasseEinstellungen" id="NormaleStrasseEinstellungen3">
  <void property="anbindungen">
   <void index="0">
    <int>22</int>
   </void>
   <void index="1">
    <int>13</int>
   </void>
  </void>
  <void property="fahrzeugeProMinute">
   <double>4.0</double>
  </void>
  <void property="id">
   <int>32</int>
  </void>
  <void property="konnektoren">
   <void index="0">
    <int>0</int>
   </void>
   <void index="1">
    <int>3</int>
   </void>
  </void>
  <void property="laenge">
   <double>150.0</double>
  </void>
  <void property="name">
   <string>Strasse32</string>
  </void>
  <void property="strassenArt">
   <int>1</int>
  </void>
 </object>
 <object class="verkehrsplaner.NormaleStrasseEinstellungen" id="NormaleStrasseEinstellungen4">
  <void property="anbindungen">
   <void index="0">
    <int>13</int>
   </void>
   <void index="1">
    <int>34</int>
   </void>
  </void>
  <void property="fahrzeugeProMinute">
   <double>10.0</double>
  </void>
  <void property="id">
   <int>46</int>
  </void>
  <void property="konnektoren">
   <void index="0">
    <int>1</int>
   </void>
   <void index="1">
    <int>0</int>
   </void>
  </void>
  <void property="name">
   <string>Strasse46</string>
  </void>
  <void property="strassenArt">
   <int>1</int>
  </void>
 </object>
 <object class="verkehrsplaner.NormaleStrasseEinstellungen" id="NormaleStrasseEinstellungen5">
  <void property="anbindungen">
   <void index="0">
    <int>12</int>
   </void>
   <void index="1">
    <int>33</int>
   </void>
  </void>
  <void property="fahrzeugeProMinute">
   <double>10.0</double>
  </void>
  <void property="id">
   <int>47</int>
  </void>
  <void property="konnektoren">
   <void index="0">
    <int>0</int>
   </void>
   <void index="1">
    <int>0</int>
   </void>
  </void>
  <void property="name">
   <string>Strasse47</string>
  </void>
  <void property="strassenArt">
   <int>1</int>
  </void>
 </object>
 <object class="verkehrsplaner.NormaleStrasseEinstellungen" id="NormaleStrasseEinstellungen6">
  <void property="anbindungen">
   <void index="0">
    <int>17</int>
   </void>
   <void index="1">
    <int>38</int>
   </void>
  </void>
  <void property="fahrzeugeProMinute">
   <double>10.0</double>
  </void>
  <void property="id">
   <int>48</int>
  </void>
  <void property="konnektoren">
   <void index="0">
    <int>3</int>
   </void>
   <void index="1">
    <int>0</int>
   </void>
  </void>
  <void property="name">
   <string>Strasse48</string>
  </void>
  <void property="strassenArt">
   <int>1</int>
  </void>
 </object>
 <object class="verkehrsplaner.NormaleStrasseEinstellungen" id="NormaleStrasseEinstellungen7">
  <void property="anbindungen">
   <void index="0">
    <int>27</int>
   </void>
   <void index="1">
    <int>37</int>
   </void>
  </void>
  <void property="fahrzeugeProMinute">
   <double>10.0</double>
  </void>
  <void property="id">
   <int>50</int>
  </void>
  <void property="konnektoren">
   <void index="0">
    <int>1</int>
   </void>
   <void index="1">
    <int>0</int>
   </void>
  </void>
  <void property="name">
   <string>Strasse50</string>
  </void>
 </object>
 <object class="verkehrsplaner.NormaleStrasseEinstellungen" id="NormaleStrasseEinstellungen8">
  <void property="anbindungen">
   <void index="0">
    <int>22</int>
   </void>
   <void index="1">
    <int>36</int>
   </void>
  </void>
  <void property="fahrzeugeProMinute">
   <double>3.0</double>
  </void>
  <void property="id">
   <int>52</int>
  </void>
  <void property="konnektoren">
   <void index="0">
    <int>3</int>
   </void>
   <void index="1">
    <int>0</int>
   </void>
  </void>
  <void property="name">
   <string>Strasse52</string>
  </void>
 </object>
 <object class="verkehrsplaner.NormaleStrasseEinstellungen" id="NormaleStrasseEinstellungen9">
  <void property="anbindungen">
   <void index="0">
    <int>22</int>
   </void>
   <void index="1">
    <int>35</int>
   </void>
  </void>
  <void property="fahrzeugeProMinute">
   <double>3.0</double>
  </void>
  <void property="id">
   <int>53</int>
  </void>
  <void property="konnektoren">
   <void index="0">
    <int>1</int>
   </void>
   <void index="1">
    <int>0</int>
   </void>
  </void>
  <void property="name">
   <string>Strasse53</string>
  </void>
 </object>
 <object class="verkehrsplaner.NormaleStrasseEinstellungen" id="NormaleStrasseEinstellungen10">
  <void property="anbindungen">
   <void index="0">
    <int>23</int>
   </void>
   <void index="1">
    <int>24</int>
   </void>
  </void>
  <void property="fahrzeugeProMinute">
   <double>2.0</double>
  </void>
  <void property="id">
   <int>55</int>
  </void>
  <void property="konnektoren">
   <void index="0">
    <int>2</int>
   </void>
   <void index="1">
    <int>0</int>
   </void>
  </void>
  <void property="name">
   <string>Strasse55</string>
  </void>
 </object>
 <object class="verkehrsplaner.NormaleStrasseEinstellungen" id="NormaleStrasseEinstellungen11">
  <void property="anbindungen">
   <void index="0">
    <int>18</int>
   </void>
   <void index="1">
    <int>39</int>
   </void>
  </void>
  <void property="fahrzeugeProMinute">
   <double>3.0</double>
  </void>
  <void property="id">
   <int>56</int>
  </void>
  <void property="konnektoren">
   <void index="0">
    <int>3</int>
   </void>
   <void index="1">
    <int>0</int>
   </void>
  </void>
  <void property="name">
   <string>Strasse56</string>
  </void>
 </object>
 <object class="verkehrsplaner.NormaleStrasseEinstellungen" id="NormaleStrasseEinstellungen12">
  <void property="anbindungen">
   <void index="0">
    <int>15</int>
   </void>
   <void index="1">
    <int>44</int>
   </void>
  </void>
  <void property="fahrzeugeProMinute">
   <double>3.0</double>
  </void>
  <void property="id">
   <int>58</int>
  </void>
  <void property="konnektoren">
   <void index="0">
    <int>3</int>
   </void>
   <void index="1">
    <int>0</int>
   </void>
  </void>
  <void property="name">
   <string>Strasse58</string>
  </void>
 </object>
 <object class="verkehrsplaner.NormaleStrasseEinstellungen" id="NormaleStrasseEinstellungen13">
  <void property="anbindungen">
   <void index="0">
    <int>20</int>
   </void>
   <void index="1">
    <int>40</int>
   </void>
  </void>
  <void property="fahrzeugeProMinute">
   <double>10.0</double>
  </void>
  <void property="id">
   <int>60</int>
  </void>
  <void property="konnektoren">
   <void index="0">
    <int>1</int>
   </void>
   <void index="1">
    <int>0</int>
   </void>
  </void>
  <void property="name">
   <string>Strasse60</string>
  </void>
  <void property="strassenArt">
   <int>1</int>
  </void>
 </object>
 <object class="verkehrsplaner.NormaleStrasseEinstellungen" id="NormaleStrasseEinstellungen14">
  <void property="anbindungen">
   <void index="0">
    <int>12</int>
   </void>
   <void index="1">
    <int>13</int>
   </void>
  </void>
  <void property="id">
   <int>64</int>
  </void>
  <void property="konnektoren">
   <void index="0">
    <int>1</int>
   </void>
   <void index="1">
    <int>0</int>
   </void>
  </void>
  <void property="laenge">
   <double>75.0</double>
  </void>
  <void property="name">
   <string>Strasse64</string>
  </void>
  <void property="strassenArt">
   <int>2</int>
  </void>
 </object>
 <object class="verkehrsplaner.NormaleStrasseEinstellungen" id="NormaleStrasseEinstellungen15">
  <void property="anbindungen">
   <void index="0">
    <int>18</int>
   </void>
   <void index="1">
    <int>15</int>
   </void>
  </void>
  <void property="id">
   <int>71</int>
  </void>
  <void property="konnektoren">
   <void index="0">
    <int>2</int>
   </void>
   <void index="1">
    <int>0</int>
   </void>
  </void>
  <void property="laenge">
   <double>300.0</double>
  </void>
  <void property="name">
   <string>Strasse71</string>
  </void>
  <void property="strassenArt">
   <int>2</int>
  </void>
 </object>
 <object class="verkehrsplaner.NormaleStrasseEinstellungen" id="NormaleStrasseEinstellungen16">
  <void property="anbindungen">
   <void index="0">
    <int>15</int>
   </void>
   <void index="1">
    <int>19</int>
   </void>
  </void>
  <void property="id">
   <int>72</int>
  </void>
  <void property="konnektoren">
   <void index="0">
    <int>1</int>
   </void>
   <void index="1">
    <int>3</int>
   </void>
  </void>
  <void property="laenge">
   <double>200.0</double>
  </void>
  <void property="name">
   <string>Strasse72</string>
  </void>
  <void property="strassenArt">
   <int>2</int>
  </void>
 </object>
 <object class="verkehrsplaner.NormaleStrasseEinstellungen" id="NormaleStrasseEinstellungen17">
  <void property="anbindungen">
   <void index="0">
    <int>7</int>
   </void>
   <void index="1">
    <int>19</int>
   </void>
  </void>
  <void property="id">
   <int>73</int>
  </void>
  <void property="konnektoren">
   <void index="0">
    <int>0</int>
   </void>
   <void index="1">
    <int>2</int>
   </void>
  </void>
  <void property="name">
   <string>Strasse73</string>
  </void>
  <void property="strassenArt">
   <int>2</int>
  </void>
 </object>
 <object class="verkehrsplaner.NormaleStrasseEinstellungen" id="NormaleStrasseEinstellungen18">
  <void property="anbindungen">
   <void index="0">
    <int>6</int>
   </void>
   <void index="1">
    <int>15</int>
   </void>
  </void>
  <void property="id">
   <int>74</int>
  </void>
  <void property="konnektoren">
   <void index="0">
    <int>0</int>
   </void>
   <void index="1">
    <int>2</int>
   </void>
  </void>
  <void property="name">
   <string>Strasse74</string>
  </void>
  <void property="strassenArt">
   <int>2</int>
  </void>
 </object>
 <object class="verkehrsplaner.NormaleStrasseEinstellungen" id="NormaleStrasseEinstellungen19">
  <void property="anbindungen">
   <void index="0">
    <int>43</int>
   </void>
   <void index="1">
    <int>21</int>
   </void>
  </void>
  <void property="id">
   <int>75</int>
  </void>
  <void property="konnektoren">
   <void index="0">
    <int>0</int>
   </void>
   <void index="1">
    <int>1</int>
   </void>
  </void>
  <void property="name">
   <string>Strasse75</string>
  </void>
  <void property="strassenArt">
   <int>2</int>
  </void>
 </object>
 <object class="verkehrsplaner.NormaleStrasseEinstellungen" id="NormaleStrasseEinstellungen20">
  <void property="anbindungen">
   <void index="0">
    <int>3</int>
   </void>
   <void index="1">
    <int>21</int>
   </void>
  </void>
  <void property="id">
   <int>77</int>
  </void>
  <void property="konnektoren">
   <void index="0">
    <int>0</int>
   </void>
   <void index="1">
    <int>3</int>
   </void>
  </void>
  <void property="name">
   <string>Strasse77</string>
  </void>
  <void property="strassenArt">
   <int>2</int>
  </void>
 </object>
 <object class="verkehrsplaner.NormaleStrasseEinstellungen" id="NormaleStrasseEinstellungen21">
  <void property="anbindungen">
   <void index="0">
    <int>4</int>
   </void>
   <void index="1">
    <int>21</int>
   </void>
  </void>
  <void property="id">
   <int>78</int>
  </void>
  <void property="konnektoren">
   <void index="0">
    <int>0</int>
   </void>
   <void index="1">
    <int>2</int>
   </void>
  </void>
  <void property="name">
   <string>Strasse78</string>
  </void>
  <void property="strassenArt">
   <int>2</int>
  </void>
 </object>
 <object class="verkehrsplaner.NormaleStrasseEinstellungen" id="NormaleStrasseEinstellungen22">
  <void property="anbindungen">
   <void index="0">
    <int>21</int>
   </void>
   <void index="1">
    <int>20</int>
   </void>
  </void>
  <void property="id">
   <int>79</int>
  </void>
  <void property="konnektoren">
   <void index="0">
    <int>0</int>
   </void>
   <void index="1">
    <int>2</int>
   </void>
  </void>
  <void property="laenge">
   <double>300.0</double>
  </void>
  <void property="name">
   <string>Strasse79</string>
  </void>
  <void property="strassenArt">
   <int>2</int>
  </void>
 </object>
 <object class="verkehrsplaner.NormaleStrasseEinstellungen" id="NormaleStrasseEinstellungen23">
  <void property="anbindungen">
   <void index="0">
    <int>24</int>
   </void>
   <void index="1">
    <int>20</int>
   </void>
  </void>
  <void property="fahrzeugeProMinute">
   <double>10.0</double>
  </void>
  <void property="id">
   <int>80</int>
  </void>
  <void property="konnektoren">
   <void index="0">
    <int>1</int>
   </void>
   <void index="1">
    <int>0</int>
   </void>
  </void>
  <void property="laenge">
   <double>500.0</double>
  </void>
  <void property="name">
   <string>Strasse80</string>
  </void>
  <void property="strassenArt">
   <int>2</int>
  </void>
 </object>
 <object class="verkehrsplaner.NormaleStrasseEinstellungen" id="NormaleStrasseEinstellungen24">
  <void property="anbindungen">
   <void index="0">
    <int>24</int>
   </void>
   <void index="1">
    <int>10</int>
   </void>
  </void>
  <void property="id">
   <int>81</int>
  </void>
  <void property="konnektoren">
   <void index="0">
    <int>2</int>
   </void>
   <void index="1">
    <int>3</int>
   </void>
  </void>
  <void property="name">
   <string>Strasse81</string>
  </void>
  <void property="strassenArt">
   <int>2</int>
  </void>
 </object>
 <object class="verkehrsplaner.NormaleStrasseEinstellungen" id="NormaleStrasseEinstellungen25">
  <void property="anbindungen">
   <void index="0">
    <int>2</int>
   </void>
   <void index="1">
    <int>24</int>
   </void>
  </void>
  <void property="id">
   <int>82</int>
  </void>
  <void property="konnektoren">
   <void index="0">
    <int>0</int>
   </void>
   <void index="1">
    <int>3</int>
   </void>
  </void>
  <void property="name">
   <string>Strasse82</string>
  </void>
  <void property="strassenArt">
   <int>2</int>
  </void>
 </object>
 <object class="verkehrsplaner.NormaleStrasseEinstellungen" id="NormaleStrasseEinstellungen26">
  <void property="anbindungen">
   <void index="0">
    <int>17</int>
   </void>
   <void index="1">
    <int>41</int>
   </void>
  </void>
  <void property="fahrzeugeProMinute">
   <double>3.0</double>
  </void>
  <void property="id">
   <int>83</int>
  </void>
  <void property="konnektoren">
   <void index="0">
    <int>1</int>
   </void>
   <void index="1">
    <int>0</int>
   </void>
  </void>
  <void property="name">
   <string>Strasse83</string>
  </void>
 </object>
 <object class="verkehrsplaner.NormaleStrasseEinstellungen" id="NormaleStrasseEinstellungen27">
  <void property="anbindungen">
   <void index="0">
    <int>18</int>
   </void>
   <void index="1">
    <int>42</int>
   </void>
  </void>
  <void property="fahrzeugeProMinute">
   <double>3.0</double>
  </void>
  <void property="id">
   <int>84</int>
  </void>
  <void property="konnektoren">
   <void index="0">
    <int>1</int>
   </void>
   <void index="1">
    <int>0</int>
   </void>
  </void>
  <void property="name">
   <string>Strasse84</string>
  </void>
 </object>
 <object class="verkehrsplaner.NormaleStrasseEinstellungen" id="NormaleStrasseEinstellungen28">
  <void property="anbindungen">
   <void index="0">
    <int>86</int>
   </void>
   <void index="1">
    <int>13</int>
   </void>
  </void>
  <void property="id">
   <int>88</int>
  </void>
  <void property="konnektoren">
   <void index="0">
    <int>0</int>
   </void>
   <void index="1">
    <int>2</int>
   </void>
  </void>
  <void property="laenge">
   <double>400.0</double>
  </void>
  <void property="name">
   <string>Strasse88</string>
  </void>
  <void property="strassenArt">
   <int>2</int>
  </void>
 </object>
 <object class="verkehrsplaner.NormaleStrasseEinstellungen" id="NormaleStrasseEinstellungen29">
  <void property="anbindungen">
   <void index="0">
    <int>86</int>
   </void>
   <void index="1">
    <int>8</int>
   </void>
  </void>
  <void property="id">
   <int>89</int>
  </void>
  <void property="konnektoren">
   <void index="0">
    <int>1</int>
   </void>
   <void index="1">
    <int>0</int>
   </void>
  </void>
  <void property="name">
   <string>Strasse89</string>
  </void>
  <void property="strassenArt">
   <int>2</int>
  </void>
 </object>
 <object class="verkehrsplaner.NormaleStrasseEinstellungen" id="NormaleStrasseEinstellungen30">
  <void property="anbindungen">
   <void index="0">
    <int>0</int>
   </void>
   <void index="1">
    <int>9</int>
   </void>
  </void>
  <void property="id">
   <int>61</int>
  </void>
  <void property="konnektoren">
   <void index="0">
    <int>0</int>
   </void>
   <void index="1">
    <int>3</int>
   </void>
  </void>
  <void property="name">
   <string>Strasse61</string>
  </void>
  <void property="strassenArt">
   <int>2</int>
  </void>
 </object>
 <object class="verkehrsplaner.NormaleStrasseEinstellungen" id="NormaleStrasseEinstellungen31">
  <void property="anbindungen">
   <void index="0">
    <int>23</int>
   </void>
   <void index="1">
    <int>9</int>
   </void>
  </void>
  <void property="fahrzeugeProMinute">
   <double>2.0</double>
  </void>
  <void property="id">
   <int>49</int>
  </void>
  <void property="konnektoren">
   <void index="0">
    <int>0</int>
   </void>
   <void index="1">
    <int>2</int>
   </void>
  </void>
  <void property="name">
   <string>Strasse49</string>
  </void>
 </object>
 <object class="verkehrsplaner.NormaleStrasseEinstellungen" id="NormaleStrasseEinstellungen32">
  <void property="anbindungen">
   <void index="0">
    <int>96</int>
   </void>
   <void index="1">
    <int>27</int>
   </void>
  </void>
  <void property="fahrzeugeProMinute">
   <double>3.0</double>
  </void>
  <void property="id">
   <int>97</int>
  </void>
  <void property="konnektoren">
   <void index="0">
    <int>2</int>
   </void>
   <void index="1">
    <int>0</int>
   </void>
  </void>
  <void property="laenge">
   <double>350.0</double>
  </void>
  <void property="name">
   <string>Strasse97</string>
  </void>
  <void property="strassenArt">
   <int>1</int>
  </void>
 </object>
 <object class="verkehrsplaner.NormaleStrasseEinstellungen" id="NormaleStrasseEinstellungen33">
  <void property="anbindungen">
   <void index="0">
    <int>9</int>
   </void>
   <void index="1">
    <int>96</int>
   </void>
  </void>
  <void property="id">
   <int>98</int>
  </void>
  <void property="konnektoren">
   <void index="0">
    <int>1</int>
   </void>
   <void index="1">
    <int>3</int>
   </void>
  </void>
  <void property="laenge">
   <double>400.0</double>
  </void>
  <void property="name">
   <string>Strasse98</string>
  </void>
  <void property="strassenArt">
   <int>2</int>
  </void>
 </object>
 <object class="verkehrsplaner.NormaleStrasseEinstellungen" id="NormaleStrasseEinstellungen34">
  <void property="anbindungen">
   <void index="0">
    <int>96</int>
   </void>
   <void index="1">
    <int>12</int>
   </void>
  </void>
  <void property="fahrzeugeProMinute">
   <double>25.0</double>
  </void>
  <void property="id">
   <int>99</int>
  </void>
  <void property="konnektoren">
   <void index="0">
    <int>1</int>
   </void>
   <void index="1">
    <int>3</int>
   </void>
  </void>
  <void property="laenge">
   <double>400.0</double>
  </void>
  <void property="name">
   <string>Strasse99</string>
  </void>
  <void property="strassenArt">
   <int>2</int>
  </void>
 </object>
 <object class="verkehrsplaner.NormaleStrasseEinstellungen" id="NormaleStrasseEinstellungen35">
  <void property="anbindungen">
   <void index="0">
    <int>14</int>
   </void>
   <void index="1">
    <int>17</int>
   </void>
  </void>
  <void property="id">
   <int>69</int>
  </void>
  <void property="konnektoren">
   <void index="0">
    <int>3</int>
   </void>
   <void index="1">
    <int>0</int>
   </void>
  </void>
  <void property="name">
   <string>Strasse69</string>
  </void>
  <void property="strassenArt">
   <int>2</int>
  </void>
 </object>
 <object class="verkehrsplaner.NormaleStrasseEinstellungen" id="NormaleStrasseEinstellungen36">
  <void property="anbindungen">
   <void index="0">
    <int>14</int>
   </void>
   <void index="1">
    <int>19</int>
   </void>
  </void>
  <void property="id">
   <int>70</int>
  </void>
  <void property="konnektoren">
   <void index="0">
    <int>2</int>
   </void>
   <void index="1">
    <int>0</int>
   </void>
  </void>
  <void property="laenge">
   <double>600.0</double>
  </void>
  <void property="name">
   <string>Strasse70</string>
  </void>
  <void property="strassenArt">
   <int>2</int>
  </void>
 </object>
 <object class="verkehrsplaner.NormaleStrasseEinstellungen" id="NormaleStrasseEinstellungen37">
  <void property="anbindungen">
   <void index="0">
    <int>86</int>
   </void>
   <void index="1">
    <int>14</int>
   </void>
  </void>
  <void property="id">
   <int>90</int>
  </void>
  <void property="konnektoren">
   <void index="0">
    <int>2</int>
   </void>
   <void index="1">
    <int>0</int>
   </void>
  </void>
  <void property="laenge">
   <double>60.0</double>
  </void>
  <void property="name">
   <string>Strasse90</string>
  </void>
  <void property="strassenArt">
   <int>2</int>
  </void>
 </object>
 <object class="verkehrsplaner.NormaleStrasseEinstellungen" id="NormaleStrasseEinstellungen38">
  <void property="anbindungen">
   <void index="0">
    <int>10</int>
   </void>
   <void index="1">
    <int>106</int>
   </void>
  </void>
  <void property="id">
   <int>107</int>
  </void>
  <void property="konnektoren">
   <void index="0">
    <int>1</int>
   </void>
   <void index="1">
    <int>3</int>
   </void>
  </void>
  <void property="laenge">
   <double>150.0</double>
  </void>
  <void property="name">
   <string>Strasse107</string>
  </void>
  <void property="strassenArt">
   <int>2</int>
  </void>
 </object>
 <object class="verkehrsplaner.NormaleStrasseEinstellungen" id="NormaleStrasseEinstellungen39">
  <void property="anbindungen">
   <void index="0">
    <int>106</int>
   </void>
   <void index="1">
    <int>86</int>
   </void>
  </void>
  <void property="id">
   <int>108</int>
  </void>
  <void property="konnektoren">
   <void index="0">
    <int>1</int>
   </void>
   <void index="1">
    <int>3</int>
   </void>
  </void>
  <void property="laenge">
   <double>150.0</double>
  </void>
  <void property="name">
   <string>Strasse108</string>
  </void>
  <void property="strassenArt">
   <int>2</int>
  </void>
 </object>
 <object class="verkehrsplaner.NormaleStrasseEinstellungen" id="NormaleStrasseEinstellungen40">
  <void property="anbindungen">
   <void index="0">
    <int>106</int>
   </void>
   <void index="1">
    <int>22</int>
   </void>
  </void>
  <void property="fahrzeugeProMinute">
   <double>4.0</double>
  </void>
  <void property="id">
   <int>109</int>
  </void>
  <void property="konnektoren">
   <void index="0">
    <int>0</int>
   </void>
   <void index="1">
    <int>2</int>
   </void>
  </void>
  <void property="laenge">
   <double>125.0</double>
  </void>
  <void property="name">
   <string>Strasse109</string>
  </void>
  <void property="strassenArt">
   <int>1</int>
  </void>
 </object>
</java>
