<?xml version="1.0" encoding="UTF-8"?>
<java version="1.8.0_91" class="java.beans.XMLDecoder">
 <object class="verkehrsplaner.AllgemeineEinstellungen">
  <void property="anzahlAmpelGross">
   <int>10</int>
  </void>
  <void property="anzahlAmpelMittel">
   <int>4</int>
  </void>
  <void property="anzahlAmpelTyp2">
   <int>1</int>
  </void>
  <void property="anzahlKreisverkehrTyp2">
   <int>2</int>
  </void>
  <void property="anzahlQuellen">
   <int>8</int>
  </void>
  <void property="anzahlSenken">
   <int>12</int>
  </void>
  <void property="anzahlStrassen">
   <int>42</int>
  </void>
  <void property="anzahlVorfahrt">
   <int>1</int>
  </void>
  <void property="idCounter">
   <int>5</int>
  </void>
  <void property="oldHeight">
   <int>585</int>
  </void>
  <void property="oldWidth">
   <int>974</int>
  </void>
  <void property="simulationsDauer">
   <double>7200.0</double>
  </void>
 </object>
 <object class="ampelTyp2.AmpelTyp2Einstellungen" id="AmpelTyp2Einstellungen0">
  <void id="doubleArrayArray0" property="abbiegenWahl">
   <void index="0">
    <void index="0">
     <double>0.5357</double>
    </void>
    <void index="1">
     <double>0.1071</double>
    </void>
    <void index="2">
     <double>0.3571</double>
    </void>
   </void>
   <void index="1">
    <void index="0">
     <double>0.1429</double>
    </void>
    <void index="1">
     <double>0.7143</double>
    </void>
    <void index="2">
     <double>0.1429</double>
    </void>
   </void>
   <void index="2">
    <void index="0">
     <double>0.3571</double>
    </void>
    <void index="1">
     <double>0.1071</double>
    </void>
    <void index="2">
     <double>0.5357</double>
    </void>
   </void>
   <void index="3">
    <void index="0">
     <double>0.1875</double>
    </void>
    <void index="1">
     <double>0.625</double>
    </void>
    <void index="2">
     <double>0.1875</double>
    </void>
   </void>
  </void>
  <void property="anbindungen">
   <void index="0">
    <int>71</int>
   </void>
   <void index="1">
    <int>94</int>
   </void>
   <void index="2">
    <int>70</int>
   </void>
   <void index="3">
    <int>69</int>
   </void>
  </void>
  <void property="id">
   <int>68</int>
  </void>
  <void property="name">
   <string>Schneckenburger-Max-Stromeyer</string>
  </void>
  <void property="x">
   <int>507</int>
  </void>
  <void property="y">
   <int>215</int>
  </void>
 </object>
 <object class="ampelMittel.AmpelMittelEinstellungen" id="AmpelMittelEinstellungen0">
  <void id="doubleArrayArray1" property="abbiegenWahl">
   <void index="0">
    <void index="0">
     <double>0.5</double>
    </void>
    <void index="1">
     <double>0.0</double>
    </void>
    <void index="2">
     <double>0.5</double>
    </void>
   </void>
   <void index="1">
    <void index="0">
     <double>0.1667</double>
    </void>
    <void index="1">
     <double>0.8333</double>
    </void>
    <void index="2">
     <double>0.0</double>
    </void>
   </void>
   <void index="2">
    <void index="0">
     <double>0.4545</double>
    </void>
    <void index="1">
     <double>0.0909</double>
    </void>
    <void index="2">
     <double>0.4545</double>
    </void>
   </void>
   <void index="3">
    <void index="0">
     <double>0.0</double>
    </void>
    <void index="1">
     <double>0.8333</double>
    </void>
    <void index="2">
     <double>0.1667</double>
    </void>
   </void>
  </void>
  <void property="ampelSchaltZeiten">
   <void index="0">
    <double>5.0</double>
   </void>
   <void index="2">
    <double>0.0</double>
   </void>
  </void>
  <void property="anbindungen">
   <void index="0">
    <int>79</int>
   </void>
   <void index="1">
    <int>46</int>
   </void>
   <void index="3">
    <int>47</int>
   </void>
  </void>
  <void property="id">
   <int>10</int>
  </void>
  <void property="name">
   <string>Reichenau-Petershausen</string>
  </void>
  <void property="x">
   <int>604</int>
  </void>
  <void property="y">
   <int>296</int>
  </void>
 </object>
 <object class="ampelMittel.AmpelMittelEinstellungen" id="AmpelMittelEinstellungen1">
  <void id="doubleArrayArray2" property="abbiegenWahl">
   <void index="0">
    <void index="0">
     <double>0.5</double>
    </void>
    <void index="1">
     <double>0.5</double>
    </void>
    <void index="2">
     <double>0.0</double>
    </void>
   </void>
   <void index="1">
    <void index="0">
     <double>0.3333</double>
    </void>
    <void index="1">
     <double>0.3333</double>
    </void>
    <void index="2">
     <double>0.3333</double>
    </void>
   </void>
   <void index="2">
    <void index="0">
     <double>0.0</double>
    </void>
    <void index="1">
     <double>0.5</double>
    </void>
    <void index="2">
     <double>0.5</double>
    </void>
   </void>
   <void index="3">
    <void index="0">
     <double>0.5</double>
    </void>
    <void index="1">
     <double>0.0</double>
    </void>
    <void index="2">
     <double>0.5</double>
    </void>
   </void>
  </void>
  <void property="ampelSchaltZeiten">
   <void index="1">
    <double>0.0</double>
   </void>
  </void>
  <void property="anbindungen">
   <void index="0">
    <int>58</int>
   </void>
   <void index="2">
    <int>61</int>
   </void>
   <void index="3">
    <int>59</int>
   </void>
  </void>
  <void property="id">
   <int>24</int>
  </void>
  <void property="name">
   <string>Bodan-Bahnhof</string>
  </void>
  <void property="x">
   <int>623</int>
  </void>
  <void property="y">
   <int>568</int>
  </void>
 </object>
 <object class="ampelMittel.AmpelMittelEinstellungen" id="AmpelMittelEinstellungen2">
  <void id="doubleArrayArray3" property="abbiegenWahl">
   <void index="0">
    <void index="0">
     <double>0.1154</double>
    </void>
    <void index="1">
     <double>0.7692</double>
    </void>
    <void index="2">
     <double>0.1154</double>
    </void>
   </void>
   <void index="1">
    <void index="0">
     <double>0.4651</double>
    </void>
    <void index="1">
     <double>0.0698</double>
    </void>
    <void index="2">
     <double>0.4651</double>
    </void>
   </void>
   <void index="2">
    <void index="0">
     <double>0.1154</double>
    </void>
    <void index="1">
     <double>0.7692</double>
    </void>
    <void index="2">
     <double>0.1154</double>
    </void>
   </void>
   <void index="3">
    <void index="0">
     <double>0.4651</double>
    </void>
    <void index="1">
     <double>0.0698</double>
    </void>
    <void index="2">
     <double>0.4651</double>
    </void>
   </void>
  </void>
  <void property="ampelSchaltZeiten">
   <void index="1">
    <double>3.0</double>
   </void>
   <void index="3">
    <double>3.0</double>
   </void>
  </void>
  <void property="anbindungen">
   <void index="0">
    <int>56</int>
   </void>
   <void index="1">
    <int>77</int>
   </void>
   <void index="2">
    <int>55</int>
   </void>
   <void index="3">
    <int>73</int>
   </void>
  </void>
  <void property="id">
   <int>26</int>
  </void>
  <void property="name">
   <string>Laube-Wallgut</string>
  </void>
  <void property="x">
   <int>565</int>
  </void>
  <void property="y">
   <int>434</int>
  </void>
 </object>
 <object class="ampelMittel.AmpelMittelEinstellungen" id="AmpelMittelEinstellungen3">
  <void id="doubleArrayArray4" property="abbiegenWahl">
   <void index="0">
    <void index="0">
     <double>0.303</double>
    </void>
    <void index="1">
     <double>0.6061</double>
    </void>
    <void index="2">
     <double>0.0909</double>
    </void>
   </void>
   <void index="1">
    <void index="0">
     <double>0.4</double>
    </void>
    <void index="1">
     <double>0.2</double>
    </void>
    <void index="2">
     <double>0.4</double>
    </void>
   </void>
   <void index="2">
    <void index="0">
     <double>0.0909</double>
    </void>
    <void index="1">
     <double>0.6061</double>
    </void>
    <void index="2">
     <double>0.303</double>
    </void>
   </void>
   <void index="3">
    <void index="0">
     <double>0.4651</double>
    </void>
    <void index="1">
     <double>0.0698</double>
    </void>
    <void index="2">
     <double>0.4651</double>
    </void>
   </void>
  </void>
  <void property="ampelSchaltZeiten">
   <void index="1">
    <double>3.0</double>
   </void>
   <void index="3">
    <double>5.0</double>
   </void>
  </void>
  <void property="anbindungen">
   <void index="0">
    <int>57</int>
   </void>
   <void index="1">
    <int>76</int>
   </void>
   <void index="2">
    <int>56</int>
   </void>
   <void index="3">
    <int>100</int>
   </void>
  </void>
  <void property="id">
   <int>28</int>
  </void>
  <void property="name">
   <string>Laube-Garten</string>
  </void>
  <void property="x">
   <int>574</int>
  </void>
  <void property="y">
   <int>404</int>
  </void>
 </object>
 <object class="ampelGross.AmpelGrossEinstellungen" id="AmpelGrossEinstellungen0">
  <void id="doubleArrayArray5" property="abbiegenWahl">
   <void index="0">
    <void index="0">
     <double>0.15</double>
    </void>
    <void index="1">
     <double>0.7</double>
    </void>
    <void index="2">
     <double>0.15</double>
    </void>
   </void>
   <void index="1">
    <void index="0">
     <double>0.15</double>
    </void>
    <void index="1">
     <double>0.35</double>
    </void>
    <void index="2">
     <double>0.5</double>
    </void>
   </void>
   <void index="2">
    <void index="0">
     <double>0.3333</double>
    </void>
    <void index="1">
     <double>0.3333</double>
    </void>
    <void index="2">
     <double>0.3333</double>
    </void>
   </void>
   <void index="3">
    <void index="0">
     <double>0.6</double>
    </void>
    <void index="1">
     <double>0.3</double>
    </void>
    <void index="2">
     <double>0.1</double>
    </void>
   </void>
  </void>
  <void property="ampelSchaltZeiten">
   <void index="0">
    <double>25.0</double>
   </void>
   <void index="1">
    <double>25.0</double>
   </void>
   <void index="2">
    <double>25.0</double>
   </void>
   <void index="3">
    <double>0.0</double>
   </void>
  </void>
  <void property="anbindungen">
   <void index="0">
    <int>43</int>
   </void>
   <void index="1">
    <int>44</int>
   </void>
   <void index="2">
    <int>45</int>
   </void>
   <void index="3">
    <int>46</int>
   </void>
  </void>
  <void property="id">
   <int>9</int>
  </void>
  <void property="modus">
   <int>1</int>
  </void>
  <void property="name">
   <string>Spanier-Konzil</string>
  </void>
  <void property="x">
   <int>670</int>
  </void>
  <void property="y">
   <int>347</int>
  </void>
 </object>
 <object class="ampelGross.AmpelGrossEinstellungen" id="AmpelGrossEinstellungen1">
  <void id="doubleArrayArray6" property="abbiegenWahl">
   <void index="0">
    <void index="0">
     <double>0.5</double>
    </void>
    <void index="1">
     <double>0.0</double>
    </void>
    <void index="2">
     <double>0.5</double>
    </void>
   </void>
   <void index="1">
    <void index="0">
     <double>0.1304</double>
    </void>
    <void index="1">
     <double>0.8696</double>
    </void>
    <void index="2">
     <double>0.0</double>
    </void>
   </void>
   <void index="2">
    <void index="0">
     <double>0.4651</double>
    </void>
    <void index="1">
     <double>0.0698</double>
    </void>
    <void index="2">
     <double>0.4651</double>
    </void>
   </void>
   <void index="3">
    <void index="0">
     <double>0.0</double>
    </void>
    <void index="1">
     <double>0.8696</double>
    </void>
    <void index="2">
     <double>0.1304</double>
    </void>
   </void>
  </void>
  <void property="ampelSchaltZeiten">
   <void index="0">
    <double>5.0</double>
   </void>
   <void index="2">
    <double>0.0</double>
   </void>
  </void>
  <void property="anbindungen">
   <void index="0">
    <int>70</int>
   </void>
   <void index="1">
    <int>47</int>
   </void>
   <void index="3">
    <int>34</int>
   </void>
  </void>
  <void property="id">
   <int>11</int>
  </void>
  <void property="name">
   <string>Reichenau-Schneckenburg</string>
  </void>
  <void property="x">
   <int>485</int>
  </void>
  <void property="y">
   <int>255</int>
  </void>
 </object>
 <object class="ampelGross.AmpelGrossEinstellungen" id="AmpelGrossEinstellungen2">
  <void id="doubleArrayArray7" property="abbiegenWahl">
   <void index="0">
    <void index="0">
     <double>0.4167</double>
    </void>
    <void index="1">
     <double>0.0625</double>
    </void>
    <void index="2">
     <double>0.5208</double>
    </void>
   </void>
   <void index="1">
    <void index="0">
     <double>0.0</double>
    </void>
    <void index="1">
     <double>0.8696</double>
    </void>
    <void index="2">
     <double>0.1304</double>
    </void>
   </void>
   <void index="2">
    <void index="0">
     <double>0.5556</double>
    </void>
    <void index="1">
     <double>0.0</double>
    </void>
    <void index="2">
     <double>0.4444</double>
    </void>
   </void>
   <void index="3">
    <void index="0">
     <double>0.1071</double>
    </void>
    <void index="1">
     <double>0.8929</double>
    </void>
    <void index="2">
     <double>0.0</double>
    </void>
   </void>
  </void>
  <void property="ampelSchaltZeiten">
   <void index="0">
    <double>0.0</double>
   </void>
   <void index="2">
    <double>5.0</double>
   </void>
  </void>
  <void property="anbindungen">
   <void index="1">
    <int>41</int>
   </void>
   <void index="2">
    <int>71</int>
   </void>
   <void index="3">
    <int>39</int>
   </void>
  </void>
  <void property="id">
   <int>16</int>
  </void>
  <void property="name">
   <string>Fürstenberg-Schneckenburg</string>
  </void>
  <void property="x">
   <int>563</int>
  </void>
  <void property="y">
   <int>104</int>
  </void>
 </object>
 <object class="ampelGross.AmpelGrossEinstellungen" id="AmpelGrossEinstellungen3">
  <void id="doubleArrayArray8" property="abbiegenWahl">
   <void index="0">
    <void index="0">
     <double>0.4762</double>
    </void>
    <void index="1">
     <double>0.0476</double>
    </void>
    <void index="2">
     <double>0.4762</double>
    </void>
   </void>
   <void index="1">
    <void index="0">
     <double>0.0</double>
    </void>
    <void index="1">
     <double>0.9091</double>
    </void>
    <void index="2">
     <double>0.0909</double>
    </void>
   </void>
   <void index="2">
    <void index="0">
     <double>0.5</double>
    </void>
    <void index="1">
     <double>0.0</double>
    </void>
    <void index="2">
     <double>0.5</double>
    </void>
   </void>
   <void index="3">
    <void index="0">
     <double>0.0909</double>
    </void>
    <void index="1">
     <double>0.9091</double>
    </void>
    <void index="2">
     <double>0.0</double>
    </void>
   </void>
  </void>
  <void property="ampelSchaltZeiten">
   <void index="0">
    <double>0.0</double>
   </void>
   <void index="1">
    <double>7.0</double>
   </void>
   <void index="2">
    <double>7.0</double>
   </void>
   <void index="3">
    <double>30.0</double>
   </void>
  </void>
  <void property="anbindungen">
   <void index="1">
    <int>39</int>
   </void>
   <void index="2">
    <int>92</int>
   </void>
   <void index="3">
    <int>38</int>
   </void>
  </void>
  <void property="id">
   <int>17</int>
  </void>
  <void property="name">
   <string>Fürstenberg-Oberlohn</string>
  </void>
  <void property="x">
   <int>413</int>
  </void>
  <void property="y">
   <int>56</int>
  </void>
 </object>
 <object class="ampelGross.AmpelGrossEinstellungen" id="AmpelGrossEinstellungen4">
  <void id="doubleArrayArray9" property="abbiegenWahl">
   <void index="0">
    <void index="0">
     <double>0.5556</double>
    </void>
    <void index="1">
     <double>0.0</double>
    </void>
    <void index="2">
     <double>0.4444</double>
    </void>
   </void>
   <void index="1">
    <void index="0">
     <double>0.2857</double>
    </void>
    <void index="1">
     <double>0.7143</double>
    </void>
    <void index="2">
     <double>0.0</double>
    </void>
   </void>
   <void index="2">
    <void index="0">
     <double>0.3636</double>
    </void>
    <void index="1">
     <double>0.1818</double>
    </void>
    <void index="2">
     <double>0.4545</double>
    </void>
   </void>
   <void index="3">
    <void index="0">
     <double>0.0</double>
    </void>
    <void index="1">
     <double>0.6667</double>
    </void>
    <void index="2">
     <double>0.3333</double>
    </void>
   </void>
  </void>
  <void property="ampelSchaltZeiten">
   <void index="0">
    <double>5.0</double>
   </void>
   <void index="2">
    <double>0.0</double>
   </void>
  </void>
  <void property="anbindungen">
   <void index="0">
    <int>64</int>
   </void>
   <void index="1">
    <int>42</int>
   </void>
   <void index="3">
    <int>41</int>
   </void>
  </void>
  <void property="id">
   <int>19</int>
  </void>
  <void property="name">
   <string>Wollmatinger-Friedrich</string>
  </void>
  <void property="x">
   <int>711</int>
  </void>
  <void property="y">
   <int>185</int>
  </void>
 </object>
 <object class="ampelGross.AmpelGrossEinstellungen" id="AmpelGrossEinstellungen5">
  <void id="doubleArrayArray10" property="abbiegenWahl">
   <void index="0">
    <void index="0">
     <double>0.1176</double>
    </void>
    <void index="1">
     <double>0.5882</double>
    </void>
    <void index="2">
     <double>0.2941</double>
    </void>
   </void>
   <void index="1">
    <void index="0">
     <double>0.4545</double>
    </void>
    <void index="1">
     <double>0.0909</double>
    </void>
    <void index="2">
     <double>0.4545</double>
    </void>
   </void>
   <void index="2">
    <void index="0">
     <double>0.2941</double>
    </void>
    <void index="1">
     <double>0.5882</double>
    </void>
    <void index="2">
     <double>0.1176</double>
    </void>
   </void>
   <void index="3">
    <void index="0">
     <double>0.4</double>
    </void>
    <void index="1">
     <double>0.2</double>
    </void>
    <void index="2">
     <double>0.4</double>
    </void>
   </void>
  </void>
  <void property="ampelSchaltZeiten">
   <void index="1">
    <double>7.0</double>
   </void>
   <void index="3">
    <double>7.0</double>
   </void>
  </void>
  <void property="anbindungen">
   <void index="0">
    <int>42</int>
   </void>
   <void index="1">
    <int>62</int>
   </void>
   <void index="2">
    <int>43</int>
   </void>
   <void index="3">
    <int>80</int>
   </void>
  </void>
  <void property="id">
   <int>20</int>
  </void>
  <void property="name">
   <string>Wollmatinger-Jahn</string>
  </void>
  <void property="x">
   <int>732</int>
  </void>
  <void property="y">
   <int>217</int>
  </void>
 </object>
 <object class="ampelGross.AmpelGrossEinstellungen" id="AmpelGrossEinstellungen6">
  <void id="doubleArrayArray11" property="abbiegenWahl">
   <void index="0">
    <void index="0">
     <double>0.5</double>
    </void>
    <void index="1">
     <double>0.5</double>
    </void>
    <void index="2">
     <double>0.0</double>
    </void>
   </void>
   <void index="1">
    <void index="0">
     <double>0.3333</double>
    </void>
    <void index="1">
     <double>0.3333</double>
    </void>
    <void index="2">
     <double>0.3333</double>
    </void>
   </void>
   <void index="2">
    <void index="0">
     <double>0.0</double>
    </void>
    <void index="1">
     <double>0.5</double>
    </void>
    <void index="2">
     <double>0.5</double>
    </void>
   </void>
   <void index="3">
    <void index="0">
     <double>0.5</double>
    </void>
    <void index="1">
     <double>0.0</double>
    </void>
    <void index="2">
     <double>0.5</double>
    </void>
   </void>
  </void>
  <void property="ampelSchaltZeiten">
   <void index="1">
    <double>0.0</double>
   </void>
  </void>
  <void property="anbindungen">
   <void index="0">
    <int>45</int>
   </void>
   <void index="2">
    <int>58</int>
   </void>
   <void index="3">
    <int>57</int>
   </void>
  </void>
  <void property="id">
   <int>23</int>
  </void>
  <void property="name">
   <string>Rheinsteg-Konzil</string>
  </void>
  <void property="x">
   <int>641</int>
  </void>
  <void property="y">
   <int>394</int>
  </void>
 </object>
 <object class="ampelGross.AmpelGrossEinstellungen" id="AmpelGrossEinstellungen7">
  <void id="doubleArrayArray12" property="abbiegenWahl">
   <void index="0">
    <void index="0">
     <double>0.0698</double>
    </void>
    <void index="1">
     <double>0.4651</double>
    </void>
    <void index="2">
     <double>0.4651</double>
    </void>
   </void>
   <void index="1">
    <void index="0">
     <double>0.4651</double>
    </void>
    <void index="1">
     <double>0.0698</double>
    </void>
    <void index="2">
     <double>0.4651</double>
    </void>
   </void>
   <void index="2">
    <void index="0">
     <double>0.4651</double>
    </void>
    <void index="1">
     <double>0.4651</double>
    </void>
    <void index="2">
     <double>0.0698</double>
    </void>
   </void>
   <void index="3">
    <void index="0">
     <double>0.3333</double>
    </void>
    <void index="1">
     <double>0.3333</double>
    </void>
    <void index="2">
     <double>0.3333</double>
    </void>
   </void>
  </void>
  <void property="ampelSchaltZeiten">
   <void index="3">
    <double>0.1</double>
   </void>
  </void>
  <void property="anbindungen">
   <void index="0">
    <int>55</int>
   </void>
   <void index="1">
    <int>59</int>
   </void>
   <void index="2">
    <int>53</int>
   </void>
   <void index="3">
    <int>96</int>
   </void>
  </void>
  <void property="id">
   <int>25</int>
  </void>
  <void property="name">
   <string>Laube-Döbel</string>
  </void>
  <void property="x">
   <int>520</int>
  </void>
  <void property="y">
   <int>552</int>
  </void>
 </object>
 <object class="ampelGross.AmpelGrossEinstellungen" id="AmpelGrossEinstellungen8">
  <void id="doubleArrayArray13" property="abbiegenWahl">
   <void index="0">
    <void index="0">
     <double>0.0</double>
    </void>
    <void index="1">
     <double>0.6667</double>
    </void>
    <void index="2">
     <double>0.3333</double>
    </void>
   </void>
   <void index="1">
    <void index="0">
     <double>0.3333</double>
    </void>
    <void index="1">
     <double>0.0</double>
    </void>
    <void index="2">
     <double>0.6667</double>
    </void>
   </void>
   <void index="2">
    <void index="0">
     <double>0.5</double>
    </void>
    <void index="1">
     <double>0.5</double>
    </void>
    <void index="2">
     <double>0.0</double>
    </void>
   </void>
   <void index="3">
    <void index="0">
     <double>0.5</double>
    </void>
    <void index="1">
     <double>0.25</double>
    </void>
    <void index="2">
     <double>0.25</double>
    </void>
   </void>
  </void>
  <void property="ampelSchaltZeiten">
   <void index="1">
    <double>5.0</double>
   </void>
   <void index="3">
    <double>0.0</double>
   </void>
  </void>
  <void property="anbindungen">
   <void index="0">
    <int>35</int>
   </void>
   <void index="1">
    <int>99</int>
   </void>
   <void index="2">
    <int>48</int>
   </void>
  </void>
  <void property="id">
   <int>30</int>
  </void>
  <void property="name">
   <string>Europa-Gartenstraße</string>
  </void>
  <void property="x">
   <int>389</int>
  </void>
  <void property="y">
   <int>369</int>
  </void>
 </object>
 <object class="ampelGross.AmpelGrossEinstellungen" id="AmpelGrossEinstellungen9">
  <void id="doubleArrayArray14" property="abbiegenWahl">
   <void index="0">
    <void index="0">
     <double>0.3333</double>
    </void>
    <void index="1">
     <double>0.3333</double>
    </void>
    <void index="2">
     <double>0.3333</double>
    </void>
   </void>
   <void index="1">
    <void index="0">
     <double>0.3333</double>
    </void>
    <void index="1">
     <double>0.3333</double>
    </void>
    <void index="2">
     <double>0.3333</double>
    </void>
   </void>
   <void index="2">
    <void index="0">
     <double>0.3333</double>
    </void>
    <void index="1">
     <double>0.3333</double>
    </void>
    <void index="2">
     <double>0.3333</double>
    </void>
   </void>
   <void index="3">
    <void index="0">
     <double>0.3333</double>
    </void>
    <void index="1">
     <double>0.3333</double>
    </void>
    <void index="2">
     <double>0.3333</double>
    </void>
   </void>
  </void>
  <void property="ampelSchaltZeiten">
   <void index="1">
    <double>7.0</double>
   </void>
  </void>
  <void property="anbindungen">
   <void index="0">
    <int>48</int>
   </void>
   <void index="1">
    <int>50</int>
   </void>
   <void index="2">
    <int>51</int>
   </void>
   <void index="3">
    <int>52</int>
   </void>
  </void>
  <void property="id">
   <int>31</int>
  </void>
  <void property="name">
   <string>Europa-Grenzbach</string>
  </void>
  <void property="x">
   <int>374</int>
  </void>
  <void property="y">
   <int>473</int>
  </void>
 </object>
 <object class="kreisverkehrTyp2.KreisverkehrTyp2Einstellungen" id="KreisverkehrTyp2Einstellungen0">
  <void id="doubleArrayArray15" property="abbiegenWahl">
   <void index="0">
    <void index="0">
     <double>0.4</double>
    </void>
    <void index="1">
     <double>0.4</double>
    </void>
    <void index="2">
     <double>0.2</double>
    </void>
   </void>
   <void index="1">
    <void index="0">
     <double>0.0476</double>
    </void>
    <void index="1">
     <double>0.4762</double>
    </void>
    <void index="2">
     <double>0.4762</double>
    </void>
   </void>
   <void index="2">
    <void index="0">
     <double>0.3125</double>
    </void>
    <void index="1">
     <double>0.0625</double>
    </void>
    <void index="2">
     <double>0.625</double>
    </void>
   </void>
   <void index="3">
    <void index="0">
     <double>0.625</double>
    </void>
    <void index="1">
     <double>0.3125</double>
    </void>
    <void index="2">
     <double>0.0625</double>
    </void>
   </void>
  </void>
  <void property="anbindungen">
   <void index="0">
    <int>91</int>
   </void>
   <void index="1">
    <int>35</int>
   </void>
   <void index="2">
    <int>34</int>
   </void>
   <void index="3">
    <int>33</int>
   </void>
  </void>
  <void property="id">
   <int>8</int>
  </void>
  <void property="name">
   <string>Reichenau-Oberlohn</string>
  </void>
  <void property="radius">
   <double>12.0</double>
  </void>
  <void property="x">
   <int>356</int>
  </void>
  <void property="y">
   <int>212</int>
  </void>
 </object>
 <object class="kreisverkehrTyp2.KreisverkehrTyp2Einstellungen" id="KreisverkehrTyp2Einstellungen1">
  <void id="doubleArrayArray16" property="abbiegenWahl">
   <void index="0">
    <void index="0">
     <double>0.15</double>
    </void>
    <void index="1">
     <double>0.1</double>
    </void>
    <void index="2">
     <double>0.75</double>
    </void>
   </void>
   <void index="1">
    <void index="0">
     <double>0.2857</double>
    </void>
    <void index="1">
     <double>0.4286</double>
    </void>
    <void index="2">
     <double>0.2857</double>
    </void>
   </void>
   <void index="2">
    <void index="0">
     <double>0.75</double>
    </void>
    <void index="1">
     <double>0.1</double>
    </void>
    <void index="2">
     <double>0.15</double>
    </void>
   </void>
   <void index="3">
    <void index="0">
     <double>0.1053</double>
    </void>
    <void index="1">
     <double>0.7895</double>
    </void>
    <void index="2">
     <double>0.1053</double>
    </void>
   </void>
  </void>
  <void property="anbindungen">
   <void index="0">
    <int>92</int>
   </void>
   <void index="1">
    <int>69</int>
   </void>
   <void index="2">
    <int>91</int>
   </void>
   <void index="3">
    <int>65</int>
   </void>
  </void>
  <void property="id">
   <int>12</int>
  </void>
  <void property="name">
   <string>Oberlohn-Max-Stromeyer</string>
  </void>
  <void property="x">
   <int>358</int>
  </void>
  <void property="y">
   <int>147</int>
  </void>
 </object>
 <object class="vorfahrt.VorfahrtEinstellungen" id="VorfahrtEinstellungen0">
  <void id="doubleArrayArray17" property="abbiegenWahl">
   <void index="0">
    <void index="0">
     <double>0.3</double>
    </void>
    <void index="1">
     <double>0.4</double>
    </void>
    <void index="2">
     <double>0.3</double>
    </void>
   </void>
   <void index="1">
    <void index="0">
     <double>0.3636</double>
    </void>
    <void index="1">
     <double>0.2727</double>
    </void>
    <void index="2">
     <double>0.3636</double>
    </void>
   </void>
   <void index="2">
    <void index="0">
     <double>0.3</double>
    </void>
    <void index="1">
     <double>0.4</double>
    </void>
    <void index="2">
     <double>0.3</double>
    </void>
   </void>
   <void index="3">
    <void index="0">
     <double>0.3636</double>
    </void>
    <void index="1">
     <double>0.2727</double>
    </void>
    <void index="2">
     <double>0.3636</double>
    </void>
   </void>
  </void>
  <void property="anbindungen">
   <void index="0">
    <int>80</int>
   </void>
   <void index="1">
    <int>84</int>
   </void>
   <void index="2">
    <int>79</int>
   </void>
   <void index="3">
    <int>83</int>
   </void>
  </void>
  <void property="id">
   <int>78</int>
  </void>
  <void property="name">
   <string>Petershausen-Gustav-Schwab</string>
  </void>
  <void property="vorfahrtStrassen">
   <void index="0">
    <int>0</int>
   </void>
   <void index="1">
    <int>2</int>
   </void>
  </void>
  <void property="x">
   <int>659</int>
  </void>
  <void property="y">
   <int>246</int>
  </void>
 </object>
 <object class="verkehrsplaner.QuelleEinstellungen" id="QuelleEinstellungen0">
  <void property="anbindungen">
   <void index="0">
    <int>33</int>
   </void>
  </void>
  <void property="erwartungswert">
   <double>2.7</double>
  </void>
  <void property="id">
   <int>1</int>
  </void>
  <void property="name">
   <string>ReichenauQuelle</string>
  </void>
  <void property="x">
   <int>191</int>
  </void>
  <void property="y">
   <int>143</int>
  </void>
 </object>
 <object class="verkehrsplaner.QuelleEinstellungen" id="QuelleEinstellungen1">
  <void property="anbindungen">
   <void index="0">
    <int>38</int>
   </void>
  </void>
  <void property="erwartungswert">
   <double>3.5</double>
  </void>
  <void property="id">
   <int>2</int>
  </void>
  <void property="name">
   <string>FürstenbergQuelle</string>
  </void>
  <void property="x">
   <int>338</int>
  </void>
  <void property="y">
   <int>18</int>
  </void>
 </object>
 <object class="verkehrsplaner.QuelleEinstellungen" id="QuelleEinstellungen2">
  <void property="anbindungen">
   <void index="0">
    <int>44</int>
   </void>
  </void>
  <void property="erwartungswert">
   <double>7.0</double>
  </void>
  <void property="id">
   <int>3</int>
  </void>
  <void property="name">
   <string>MainauQuelle</string>
  </void>
  <void property="x">
   <int>865</int>
  </void>
  <void property="y">
   <int>243</int>
  </void>
 </object>
 <object class="verkehrsplaner.QuelleEinstellungen" id="QuelleEinstellungen3">
  <void property="anbindungen">
   <void index="0">
    <int>52</int>
   </void>
  </void>
  <void property="erwartungswert">
   <double>15.0</double>
  </void>
  <void property="id">
   <int>4</int>
  </void>
  <void property="name">
   <string>KonstanzerQuelle</string>
  </void>
  <void property="x">
   <int>230</int>
  </void>
  <void property="y">
   <int>481</int>
  </void>
 </object>
 <object class="verkehrsplaner.QuelleEinstellungen" id="QuelleEinstellungen4">
  <void property="anbindungen">
   <void index="0">
    <int>51</int>
   </void>
  </void>
  <void property="erwartungswert">
   <double>7.0</double>
  </void>
  <void property="id">
   <int>5</int>
  </void>
  <void property="name">
   <string>EuropaQuelle</string>
  </void>
  <void property="x">
   <int>360</int>
  </void>
  <void property="y">
   <int>563</int>
  </void>
 </object>
 <object class="verkehrsplaner.QuelleEinstellungen" id="QuelleEinstellungen5">
  <void property="anbindungen">
   <void index="0">
    <int>53</int>
   </void>
  </void>
  <void property="erwartungswert">
   <double>10.0</double>
  </void>
  <void property="id">
   <int>6</int>
  </void>
  <void property="name">
   <string>DöbeleQuelle</string>
  </void>
  <void property="x">
   <int>486</int>
  </void>
  <void property="y">
   <int>574</int>
  </void>
 </object>
 <object class="verkehrsplaner.QuelleEinstellungen" id="QuelleEinstellungen6">
  <void property="anbindungen">
   <void index="0">
    <int>61</int>
   </void>
  </void>
  <void property="erwartungswert">
   <double>15.0</double>
  </void>
  <void property="id">
   <int>7</int>
  </void>
  <void property="name">
   <string>HafenQuelle</string>
  </void>
  <void property="x">
   <int>581</int>
  </void>
  <void property="y">
   <int>580</int>
  </void>
 </object>
 <object class="verkehrsplaner.QuelleEinstellungen" id="QuelleEinstellungen7">
  <void property="anbindungen">
   <void index="0">
    <int>65</int>
   </void>
  </void>
  <void property="erwartungswert">
   <double>30.0</double>
  </void>
  <void property="id">
   <int>22</int>
  </void>
  <void property="name">
   <string>Max-StromeyerQuelle</string>
  </void>
  <void property="x">
   <int>242</int>
  </void>
  <void property="y">
   <int>98</int>
  </void>
 </object>
 <object class="verkehrsplaner.SenkeEinstellungen" id="SenkeEinstellungen0">
  <void property="anbindungen">
   <void index="0">
    <int>64</int>
   </void>
  </void>
  <void property="id">
   <int>18</int>
  </void>
  <void property="name">
   <string>FriedrichSenke</string>
  </void>
  <void property="x">
   <int>751</int>
  </void>
  <void property="y">
   <int>124</int>
  </void>
 </object>
 <object class="verkehrsplaner.SenkeEinstellungen" id="SenkeEinstellungen1">
  <void property="anbindungen">
   <void index="0">
    <int>62</int>
   </void>
  </void>
  <void property="id">
   <int>21</int>
  </void>
  <void property="name">
   <string>AllmannsdorfSenke</string>
  </void>
  <void property="x">
   <int>808</int>
  </void>
  <void property="y">
   <int>203</int>
  </void>
 </object>
 <object class="verkehrsplaner.SenkeEinstellungen" id="SenkeEinstellungen2">
  <void property="anbindungen">
   <void index="0">
    <int>73</int>
   </void>
  </void>
  <void property="id">
   <int>29</int>
  </void>
  <void property="name">
   <string>WallgutSenke</string>
  </void>
  <void property="x">
   <int>478</int>
  </void>
  <void property="y">
   <int>416</int>
  </void>
 </object>
 <object class="verkehrsplaner.SenkeEinstellungen" id="SenkeEinstellungen3">
  <void property="anbindungen">
   <void index="0">
    <int>50</int>
   </void>
  </void>
  <void property="id">
   <int>32</int>
  </void>
  <void property="name">
   <string>GrenzbachSenke</string>
  </void>
  <void property="x">
   <int>448</int>
  </void>
  <void property="y">
   <int>547</int>
  </void>
 </object>
 <object class="verkehrsplaner.SenkeEinstellungen" id="SenkeEinstellungen4">
  <void property="anbindungen">
   <void index="0">
    <int>77</int>
   </void>
  </void>
  <void property="id">
   <int>74</int>
  </void>
  <void property="name">
   <string>KatzgasseSenke</string>
  </void>
  <void property="x">
   <int>603</int>
  </void>
  <void property="y">
   <int>439</int>
  </void>
 </object>
 <object class="verkehrsplaner.SenkeEinstellungen" id="SenkeEinstellungen5">
  <void property="anbindungen">
   <void index="0">
    <int>76</int>
   </void>
  </void>
  <void property="id">
   <int>75</int>
  </void>
  <void property="name">
   <string>InselgasseSenke</string>
  </void>
  <void property="x">
   <int>607</int>
  </void>
  <void property="y">
   <int>417</int>
  </void>
 </object>
 <object class="verkehrsplaner.SenkeEinstellungen" id="SenkeEinstellungen6">
  <void property="anbindungen">
   <void index="0">
    <int>83</int>
   </void>
  </void>
  <void property="id">
   <int>81</int>
  </void>
  <void property="name">
   <string>Gustav-SchwabSenke</string>
  </void>
  <void property="x">
   <int>588</int>
  </void>
  <void property="y">
   <int>203</int>
  </void>
 </object>
 <object class="verkehrsplaner.SenkeEinstellungen" id="SenkeEinstellungen7">
  <void property="anbindungen">
   <void index="0">
    <int>84</int>
   </void>
  </void>
  <void property="id">
   <int>82</int>
  </void>
  <void property="name">
   <string>MoltkeSenke</string>
  </void>
  <void property="x">
   <int>694</int>
  </void>
  <void property="y">
   <int>266</int>
  </void>
 </object>
 <object class="verkehrsplaner.SenkeEinstellungen" id="SenkeEinstellungen8">
  <void property="anbindungen">
   <void index="0">
    <int>94</int>
   </void>
  </void>
  <void property="id">
   <int>93</int>
  </void>
  <void property="name">
   <string>Senke93</string>
  </void>
  <void property="x">
   <int>566</int>
  </void>
  <void property="y">
   <int>240</int>
  </void>
 </object>
 <object class="verkehrsplaner.SenkeEinstellungen" id="SenkeEinstellungen9">
  <void property="anbindungen">
   <void index="0">
    <int>96</int>
   </void>
  </void>
  <void property="id">
   <int>95</int>
  </void>
  <void property="name">
   <string>Senke95</string>
  </void>
  <void property="x">
   <int>452</int>
  </void>
  <void property="y">
   <int>516</int>
  </void>
 </object>
 <object class="verkehrsplaner.SenkeEinstellungen" id="SenkeEinstellungen10">
  <void property="anbindungen">
   <void index="0">
    <int>99</int>
   </void>
  </void>
  <void property="id">
   <int>97</int>
  </void>
  <void property="name">
   <string>Senke97</string>
  </void>
  <void property="x">
   <int>446</int>
  </void>
  <void property="y">
   <int>377</int>
  </void>
 </object>
 <object class="verkehrsplaner.SenkeEinstellungen" id="SenkeEinstellungen11">
  <void property="anbindungen">
   <void index="0">
    <int>100</int>
   </void>
  </void>
  <void property="id">
   <int>98</int>
  </void>
  <void property="name">
   <string>Senke98</string>
  </void>
  <void property="x">
   <int>511</int>
  </void>
  <void property="y">
   <int>388</int>
  </void>
 </object>
 <object class="verkehrsplaner.NormaleStrasseEinstellungen" id="NormaleStrasseEinstellungen0">
  <void property="anbindungen">
   <void index="0">
    <int>1</int>
   </void>
   <void index="1">
    <int>8</int>
   </void>
  </void>
  <void property="id">
   <int>33</int>
  </void>
  <void property="konnektoren">
   <void index="0">
    <int>0</int>
   </void>
   <void index="1">
    <int>3</int>
   </void>
  </void>
  <void property="kurveX">
   <int>282</int>
  </void>
  <void property="kurveY">
   <int>201</int>
  </void>
  <void property="name">
   <string>Strasse33</string>
  </void>
  <void property="strassenArt">
   <int>2</int>
  </void>
 </object>
 <object class="verkehrsplaner.NormaleStrasseEinstellungen" id="NormaleStrasseEinstellungen1">
  <void property="anbindungen">
   <void index="0">
    <int>8</int>
   </void>
   <void index="1">
    <int>11</int>
   </void>
  </void>
  <void property="id">
   <int>34</int>
  </void>
  <void property="konnektoren">
   <void index="0">
    <int>2</int>
   </void>
   <void index="1">
    <int>3</int>
   </void>
  </void>
  <void property="kurveX">
   <int>386</int>
  </void>
  <void property="kurveY">
   <int>246</int>
  </void>
  <void property="laenge">
   <double>150.0</double>
  </void>
  <void property="name">
   <string>Strasse34</string>
  </void>
  <void property="strassenArt">
   <int>2</int>
  </void>
 </object>
 <object class="verkehrsplaner.NormaleStrasseEinstellungen" id="NormaleStrasseEinstellungen2">
  <void property="anbindungen">
   <void index="0">
    <int>8</int>
   </void>
   <void index="1">
    <int>30</int>
   </void>
  </void>
  <void property="fahrzeugeProMinute">
   <double>10.0</double>
  </void>
  <void property="id">
   <int>35</int>
  </void>
  <void property="konnektoren">
   <void index="0">
    <int>1</int>
   </void>
   <void index="1">
    <int>0</int>
   </void>
  </void>
  <void property="kurveX">
   <int>411</int>
  </void>
  <void property="kurveY">
   <int>233</int>
  </void>
  <void property="laenge">
   <double>500.0</double>
  </void>
  <void property="name">
   <string>Strasse35</string>
  </void>
  <void property="strassenArt">
   <int>2</int>
  </void>
 </object>
 <object class="verkehrsplaner.NormaleStrasseEinstellungen" id="NormaleStrasseEinstellungen3">
  <void property="anbindungen">
   <void index="0">
    <int>2</int>
   </void>
   <void index="1">
    <int>17</int>
   </void>
  </void>
  <void property="id">
   <int>38</int>
  </void>
  <void property="konnektoren">
   <void index="0">
    <int>0</int>
   </void>
   <void index="1">
    <int>3</int>
   </void>
  </void>
  <void property="name">
   <string></string>
  </void>
  <void property="strassenArt">
   <int>2</int>
  </void>
 </object>
 <object class="verkehrsplaner.NormaleStrasseEinstellungen" id="NormaleStrasseEinstellungen4">
  <void property="anbindungen">
   <void index="0">
    <int>17</int>
   </void>
   <void index="1">
    <int>16</int>
   </void>
  </void>
  <void property="id">
   <int>39</int>
  </void>
  <void property="konnektoren">
   <void index="0">
    <int>1</int>
   </void>
   <void index="1">
    <int>3</int>
   </void>
  </void>
  <void property="kurveX">
   <int>492</int>
  </void>
  <void property="kurveY">
   <int>74</int>
  </void>
  <void property="laenge">
   <double>400.0</double>
  </void>
  <void property="name">
   <string>Strasse39</string>
  </void>
  <void property="strassenArt">
   <int>2</int>
  </void>
 </object>
 <object class="verkehrsplaner.NormaleStrasseEinstellungen" id="NormaleStrasseEinstellungen5">
  <void property="anbindungen">
   <void index="0">
    <int>16</int>
   </void>
   <void index="1">
    <int>19</int>
   </void>
  </void>
  <void property="fahrzeugeProMinute">
   <double>25.0</double>
  </void>
  <void property="id">
   <int>41</int>
  </void>
  <void property="konnektoren">
   <void index="0">
    <int>1</int>
   </void>
   <void index="1">
    <int>3</int>
   </void>
  </void>
  <void property="laenge">
   <double>400.0</double>
  </void>
  <void property="name">
   <string>Strasse41</string>
  </void>
  <void property="strassenArt">
   <int>2</int>
  </void>
 </object>
 <object class="verkehrsplaner.NormaleStrasseEinstellungen" id="NormaleStrasseEinstellungen6">
  <void property="anbindungen">
   <void index="0">
    <int>19</int>
   </void>
   <void index="1">
    <int>20</int>
   </void>
  </void>
  <void property="id">
   <int>42</int>
  </void>
  <void property="konnektoren">
   <void index="0">
    <int>1</int>
   </void>
   <void index="1">
    <int>0</int>
   </void>
  </void>
  <void property="laenge">
   <double>75.0</double>
  </void>
  <void property="name">
   <string>Strasse42</string>
  </void>
  <void property="strassenArt">
   <int>2</int>
  </void>
 </object>
 <object class="verkehrsplaner.NormaleStrasseEinstellungen" id="NormaleStrasseEinstellungen7">
  <void property="anbindungen">
   <void index="0">
    <int>20</int>
   </void>
   <void index="1">
    <int>9</int>
   </void>
  </void>
  <void property="id">
   <int>43</int>
  </void>
  <void property="konnektoren">
   <void index="0">
    <int>2</int>
   </void>
   <void index="1">
    <int>0</int>
   </void>
  </void>
  <void property="kurveX">
   <int>699</int>
  </void>
  <void property="kurveY">
   <int>304</int>
  </void>
  <void property="laenge">
   <double>400.0</double>
  </void>
  <void property="name">
   <string>Strasse43</string>
  </void>
  <void property="strassenArt">
   <int>2</int>
  </void>
 </object>
 <object class="verkehrsplaner.NormaleStrasseEinstellungen" id="NormaleStrasseEinstellungen8">
  <void property="anbindungen">
   <void index="0">
    <int>9</int>
   </void>
   <void index="1">
    <int>3</int>
   </void>
  </void>
  <void property="id">
   <int>44</int>
  </void>
  <void property="konnektoren">
   <void index="0">
    <int>1</int>
   </void>
   <void index="1">
    <int>0</int>
   </void>
  </void>
  <void property="kurveX">
   <int>693</int>
  </void>
  <void property="kurveY">
   <int>330</int>
  </void>
  <void property="name">
   <string>Strasse44</string>
  </void>
  <void property="strassenArt">
   <int>2</int>
  </void>
 </object>
 <object class="verkehrsplaner.NormaleStrasseEinstellungen" id="NormaleStrasseEinstellungen9">
  <void property="anbindungen">
   <void index="0">
    <int>9</int>
   </void>
   <void index="1">
    <int>23</int>
   </void>
  </void>
  <void property="id">
   <int>45</int>
  </void>
  <void property="konnektoren">
   <void index="0">
    <int>2</int>
   </void>
   <void index="1">
    <int>0</int>
   </void>
  </void>
  <void property="laenge">
   <double>60.0</double>
  </void>
  <void property="name">
   <string>Strasse45</string>
  </void>
  <void property="strassenArt">
   <int>2</int>
  </void>
 </object>
 <object class="verkehrsplaner.NormaleStrasseEinstellungen" id="NormaleStrasseEinstellungen10">
  <void property="anbindungen">
   <void index="0">
    <int>9</int>
   </void>
   <void index="1">
    <int>10</int>
   </void>
  </void>
  <void property="id">
   <int>46</int>
  </void>
  <void property="konnektoren">
   <void index="0">
    <int>3</int>
   </void>
   <void index="1">
    <int>1</int>
   </void>
  </void>
  <void property="kurveX">
   <int>624</int>
  </void>
  <void property="kurveY">
   <int>332</int>
  </void>
  <void property="laenge">
   <double>150.0</double>
  </void>
  <void property="name">
   <string>Strasse46</string>
  </void>
  <void property="strassenArt">
   <int>2</int>
  </void>
 </object>
 <object class="verkehrsplaner.NormaleStrasseEinstellungen" id="NormaleStrasseEinstellungen11">
  <void property="anbindungen">
   <void index="0">
    <int>10</int>
   </void>
   <void index="1">
    <int>11</int>
   </void>
  </void>
  <void property="id">
   <int>47</int>
  </void>
  <void property="konnektoren">
   <void index="0">
    <int>3</int>
   </void>
   <void index="1">
    <int>1</int>
   </void>
  </void>
  <void property="laenge">
   <double>150.0</double>
  </void>
  <void property="name">
   <string>Strasse47</string>
  </void>
  <void property="strassenArt">
   <int>2</int>
  </void>
 </object>
 <object class="verkehrsplaner.NormaleStrasseEinstellungen" id="NormaleStrasseEinstellungen12">
  <void property="anbindungen">
   <void index="0">
    <int>30</int>
   </void>
   <void index="1">
    <int>31</int>
   </void>
  </void>
  <void property="id">
   <int>48</int>
  </void>
  <void property="konnektoren">
   <void index="0">
    <int>2</int>
   </void>
   <void index="1">
    <int>0</int>
   </void>
  </void>
  <void property="laenge">
   <double>300.0</double>
  </void>
  <void property="name">
   <string>Strasse48</string>
  </void>
  <void property="strassenArt">
   <int>2</int>
  </void>
 </object>
 <object class="verkehrsplaner.NormaleStrasseEinstellungen" id="NormaleStrasseEinstellungen13">
  <void property="anbindungen">
   <void index="0">
    <int>31</int>
   </void>
   <void index="1">
    <int>32</int>
   </void>
  </void>
  <void property="id">
   <int>50</int>
  </void>
  <void property="konnektoren">
   <void index="0">
    <int>1</int>
   </void>
   <void index="1">
    <int>0</int>
   </void>
  </void>
  <void property="kurveX">
   <int>410</int>
  </void>
  <void property="kurveY">
   <int>508</int>
  </void>
  <void property="name">
   <string>Strasse50</string>
  </void>
  <void property="strassenArt">
   <int>2</int>
  </void>
 </object>
 <object class="verkehrsplaner.NormaleStrasseEinstellungen" id="NormaleStrasseEinstellungen14">
  <void property="anbindungen">
   <void index="0">
    <int>31</int>
   </void>
   <void index="1">
    <int>5</int>
   </void>
  </void>
  <void property="id">
   <int>51</int>
  </void>
  <void property="konnektoren">
   <void index="0">
    <int>2</int>
   </void>
   <void index="1">
    <int>0</int>
   </void>
  </void>
  <void property="name">
   <string>Strasse51</string>
  </void>
  <void property="strassenArt">
   <int>2</int>
  </void>
 </object>
 <object class="verkehrsplaner.NormaleStrasseEinstellungen" id="NormaleStrasseEinstellungen15">
  <void property="anbindungen">
   <void index="0">
    <int>4</int>
   </void>
   <void index="1">
    <int>31</int>
   </void>
  </void>
  <void property="id">
   <int>52</int>
  </void>
  <void property="konnektoren">
   <void index="0">
    <int>0</int>
   </void>
   <void index="1">
    <int>3</int>
   </void>
  </void>
  <void property="kurveX">
   <int>361</int>
  </void>
  <void property="kurveY">
   <int>446</int>
  </void>
  <void property="name">
   <string>Strasse52</string>
  </void>
  <void property="strassenArt">
   <int>2</int>
  </void>
 </object>
 <object class="verkehrsplaner.NormaleStrasseEinstellungen" id="NormaleStrasseEinstellungen16">
  <void property="anbindungen">
   <void index="0">
    <int>6</int>
   </void>
   <void index="1">
    <int>25</int>
   </void>
  </void>
  <void property="id">
   <int>53</int>
  </void>
  <void property="konnektoren">
   <void index="0">
    <int>0</int>
   </void>
   <void index="1">
    <int>2</int>
   </void>
  </void>
  <void property="name">
   <string>Strasse53</string>
  </void>
  <void property="strassenArt">
   <int>2</int>
  </void>
 </object>
 <object class="verkehrsplaner.NormaleStrasseEinstellungen" id="NormaleStrasseEinstellungen17">
  <void property="anbindungen">
   <void index="0">
    <int>25</int>
   </void>
   <void index="1">
    <int>26</int>
   </void>
  </void>
  <void property="id">
   <int>55</int>
  </void>
  <void property="konnektoren">
   <void index="0">
    <int>0</int>
   </void>
   <void index="1">
    <int>2</int>
   </void>
  </void>
  <void property="laenge">
   <double>300.0</double>
  </void>
  <void property="name">
   <string>Strasse55</string>
  </void>
  <void property="strassenArt">
   <int>2</int>
  </void>
 </object>
 <object class="verkehrsplaner.NormaleStrasseEinstellungen" id="NormaleStrasseEinstellungen18">
  <void property="anbindungen">
   <void index="0">
    <int>26</int>
   </void>
   <void index="1">
    <int>28</int>
   </void>
  </void>
  <void property="id">
   <int>56</int>
  </void>
  <void property="konnektoren">
   <void index="0">
    <int>0</int>
   </void>
   <void index="1">
    <int>2</int>
   </void>
  </void>
  <void property="name">
   <string>Strasse56</string>
  </void>
  <void property="strassenArt">
   <int>2</int>
  </void>
 </object>
 <object class="verkehrsplaner.NormaleStrasseEinstellungen" id="NormaleStrasseEinstellungen19">
  <void property="anbindungen">
   <void index="0">
    <int>28</int>
   </void>
   <void index="1">
    <int>23</int>
   </void>
  </void>
  <void property="id">
   <int>57</int>
  </void>
  <void property="konnektoren">
   <void index="0">
    <int>0</int>
   </void>
   <void index="1">
    <int>3</int>
   </void>
  </void>
  <void property="kurveX">
   <int>595</int>
  </void>
  <void property="kurveY">
   <int>361</int>
  </void>
  <void property="laenge">
   <double>250.0</double>
  </void>
  <void property="name">
   <string>Strasse57</string>
  </void>
  <void property="strassenArt">
   <int>2</int>
  </void>
 </object>
 <object class="verkehrsplaner.NormaleStrasseEinstellungen" id="NormaleStrasseEinstellungen20">
  <void property="anbindungen">
   <void index="0">
    <int>23</int>
   </void>
   <void index="1">
    <int>24</int>
   </void>
  </void>
  <void property="id">
   <int>58</int>
  </void>
  <void property="konnektoren">
   <void index="0">
    <int>2</int>
   </void>
   <void index="1">
    <int>0</int>
   </void>
  </void>
  <void property="kurveX">
   <int>634</int>
  </void>
  <void property="kurveY">
   <int>503</int>
  </void>
  <void property="laenge">
   <double>600.0</double>
  </void>
  <void property="name">
   <string>Strasse58</string>
  </void>
  <void property="strassenArt">
   <int>2</int>
  </void>
 </object>
 <object class="verkehrsplaner.NormaleStrasseEinstellungen" id="NormaleStrasseEinstellungen21">
  <void property="anbindungen">
   <void index="0">
    <int>24</int>
   </void>
   <void index="1">
    <int>25</int>
   </void>
  </void>
  <void property="id">
   <int>59</int>
  </void>
  <void property="konnektoren">
   <void index="0">
    <int>3</int>
   </void>
   <void index="1">
    <int>1</int>
   </void>
  </void>
  <void property="laenge">
   <double>200.0</double>
  </void>
  <void property="name">
   <string>Strasse59</string>
  </void>
  <void property="strassenArt">
   <int>2</int>
  </void>
 </object>
 <object class="verkehrsplaner.NormaleStrasseEinstellungen" id="NormaleStrasseEinstellungen22">
  <void property="anbindungen">
   <void index="0">
    <int>24</int>
   </void>
   <void index="1">
    <int>7</int>
   </void>
  </void>
  <void property="id">
   <int>61</int>
  </void>
  <void property="konnektoren">
   <void index="0">
    <int>2</int>
   </void>
   <void index="1">
    <int>0</int>
   </void>
  </void>
  <void property="name">
   <string>Strasse61</string>
  </void>
  <void property="strassenArt">
   <int>2</int>
  </void>
 </object>
 <object class="verkehrsplaner.NormaleStrasseEinstellungen" id="NormaleStrasseEinstellungen23">
  <void property="anbindungen">
   <void index="0">
    <int>20</int>
   </void>
   <void index="1">
    <int>21</int>
   </void>
  </void>
  <void property="fahrzeugeProMinute">
   <double>10.0</double>
  </void>
  <void property="id">
   <int>62</int>
  </void>
  <void property="konnektoren">
   <void index="0">
    <int>1</int>
   </void>
   <void index="1">
    <int>0</int>
   </void>
  </void>
  <void property="kurveX">
   <int>757</int>
  </void>
  <void property="kurveY">
   <int>210</int>
  </void>
  <void property="name">
   <string>Strasse62</string>
  </void>
  <void property="strassenArt">
   <int>1</int>
  </void>
 </object>
 <object class="verkehrsplaner.NormaleStrasseEinstellungen" id="NormaleStrasseEinstellungen24">
  <void property="anbindungen">
   <void index="0">
    <int>19</int>
   </void>
   <void index="1">
    <int>18</int>
   </void>
  </void>
  <void property="fahrzeugeProMinute">
   <double>10.0</double>
  </void>
  <void property="id">
   <int>64</int>
  </void>
  <void property="konnektoren">
   <void index="0">
    <int>0</int>
   </void>
   <void index="1">
    <int>0</int>
   </void>
  </void>
  <void property="kurveX">
   <int>733</int>
  </void>
  <void property="kurveY">
   <int>168</int>
  </void>
  <void property="name">
   <string>Strasse64</string>
  </void>
  <void property="strassenArt">
   <int>1</int>
  </void>
 </object>
 <object class="verkehrsplaner.NormaleStrasseEinstellungen" id="NormaleStrasseEinstellungen25">
  <void property="anbindungen">
   <void index="0">
    <int>22</int>
   </void>
   <void index="1">
    <int>12</int>
   </void>
  </void>
  <void property="fahrzeugeProMinute">
   <double>3.0</double>
  </void>
  <void property="id">
   <int>65</int>
  </void>
  <void property="konnektoren">
   <void index="0">
    <int>0</int>
   </void>
   <void index="1">
    <int>3</int>
   </void>
  </void>
  <void property="name">
   <string>Strasse65</string>
  </void>
  <void property="strassenArt">
   <int>1</int>
  </void>
 </object>
 <object class="verkehrsplaner.NormaleStrasseEinstellungen" id="NormaleStrasseEinstellungen26">
  <void property="anbindungen">
   <void index="0">
    <int>12</int>
   </void>
   <void index="1">
    <int>68</int>
   </void>
  </void>
  <void property="fahrzeugeProMinute">
   <double>15.0</double>
  </void>
  <void property="id">
   <int>69</int>
  </void>
  <void property="konnektoren">
   <void index="0">
    <int>1</int>
   </void>
   <void index="1">
    <int>3</int>
   </void>
  </void>
  <void property="name">
   <string>Strasse69</string>
  </void>
  <void property="strassenArt">
   <int>1</int>
  </void>
 </object>
 <object class="verkehrsplaner.NormaleStrasseEinstellungen" id="NormaleStrasseEinstellungen27">
  <void property="anbindungen">
   <void index="0">
    <int>68</int>
   </void>
   <void index="1">
    <int>11</int>
   </void>
  </void>
  <void property="fahrzeugeProMinute">
   <double>3.0</double>
  </void>
  <void property="id">
   <int>70</int>
  </void>
  <void property="konnektoren">
   <void index="0">
    <int>2</int>
   </void>
   <void index="1">
    <int>0</int>
   </void>
  </void>
  <void property="name">
   <string>Strasse70</string>
  </void>
  <void property="strassenArt">
   <int>1</int>
  </void>
 </object>
 <object class="verkehrsplaner.NormaleStrasseEinstellungen" id="NormaleStrasseEinstellungen28">
  <void property="anbindungen">
   <void index="0">
    <int>68</int>
   </void>
   <void index="1">
    <int>16</int>
   </void>
  </void>
  <void property="fahrzeugeProMinute">
   <double>3.0</double>
  </void>
  <void property="id">
   <int>71</int>
  </void>
  <void property="konnektoren">
   <void index="0">
    <int>0</int>
   </void>
   <void index="1">
    <int>2</int>
   </void>
  </void>
  <void property="laenge">
   <double>350.0</double>
  </void>
  <void property="name">
   <string>Strasse71</string>
  </void>
  <void property="strassenArt">
   <int>1</int>
  </void>
 </object>
 <object class="verkehrsplaner.NormaleStrasseEinstellungen" id="NormaleStrasseEinstellungen29">
  <void property="anbindungen">
   <void index="0">
    <int>26</int>
   </void>
   <void index="1">
    <int>29</int>
   </void>
  </void>
  <void property="fahrzeugeProMinute">
   <double>3.0</double>
  </void>
  <void property="id">
   <int>73</int>
  </void>
  <void property="konnektoren">
   <void index="0">
    <int>3</int>
   </void>
   <void index="1">
    <int>0</int>
   </void>
  </void>
  <void property="name">
   <string>Strasse73</string>
  </void>
 </object>
 <object class="verkehrsplaner.NormaleStrasseEinstellungen" id="NormaleStrasseEinstellungen30">
  <void property="anbindungen">
   <void index="0">
    <int>28</int>
   </void>
   <void index="1">
    <int>75</int>
   </void>
  </void>
  <void property="fahrzeugeProMinute">
   <double>3.0</double>
  </void>
  <void property="id">
   <int>76</int>
  </void>
  <void property="konnektoren">
   <void index="0">
    <int>1</int>
   </void>
   <void index="1">
    <int>0</int>
   </void>
  </void>
  <void property="name">
   <string>Strasse76</string>
  </void>
 </object>
 <object class="verkehrsplaner.NormaleStrasseEinstellungen" id="NormaleStrasseEinstellungen31">
  <void property="anbindungen">
   <void index="0">
    <int>26</int>
   </void>
   <void index="1">
    <int>74</int>
   </void>
  </void>
  <void property="fahrzeugeProMinute">
   <double>3.0</double>
  </void>
  <void property="id">
   <int>77</int>
  </void>
  <void property="konnektoren">
   <void index="0">
    <int>1</int>
   </void>
   <void index="1">
    <int>0</int>
   </void>
  </void>
  <void property="name">
   <string>Strasse77</string>
  </void>
 </object>
 <object class="verkehrsplaner.NormaleStrasseEinstellungen" id="NormaleStrasseEinstellungen32">
  <void property="anbindungen">
   <void index="0">
    <int>10</int>
   </void>
   <void index="1">
    <int>78</int>
   </void>
  </void>
  <void property="fahrzeugeProMinute">
   <double>4.0</double>
  </void>
  <void property="id">
   <int>79</int>
  </void>
  <void property="konnektoren">
   <void index="0">
    <int>0</int>
   </void>
   <void index="1">
    <int>2</int>
   </void>
  </void>
  <void property="kurveX">
   <int>617</int>
  </void>
  <void property="kurveY">
   <int>281</int>
  </void>
  <void property="laenge">
   <double>125.0</double>
  </void>
  <void property="name">
   <string>Strasse79</string>
  </void>
  <void property="strassenArt">
   <int>1</int>
  </void>
 </object>
 <object class="verkehrsplaner.NormaleStrasseEinstellungen" id="NormaleStrasseEinstellungen33">
  <void property="anbindungen">
   <void index="0">
    <int>78</int>
   </void>
   <void index="1">
    <int>20</int>
   </void>
  </void>
  <void property="fahrzeugeProMinute">
   <double>4.0</double>
  </void>
  <void property="id">
   <int>80</int>
  </void>
  <void property="konnektoren">
   <void index="0">
    <int>0</int>
   </void>
   <void index="1">
    <int>3</int>
   </void>
  </void>
  <void property="kurveX">
   <int>677</int>
  </void>
  <void property="kurveY">
   <int>235</int>
  </void>
  <void property="laenge">
   <double>150.0</double>
  </void>
  <void property="name">
   <string>Strasse80</string>
  </void>
  <void property="strassenArt">
   <int>1</int>
  </void>
 </object>
 <object class="verkehrsplaner.NormaleStrasseEinstellungen" id="NormaleStrasseEinstellungen34">
  <void property="anbindungen">
   <void index="0">
    <int>81</int>
   </void>
   <void index="1">
    <int>78</int>
   </void>
  </void>
  <void property="fahrzeugeProMinute">
   <double>3.0</double>
  </void>
  <void property="id">
   <int>83</int>
  </void>
  <void property="konnektoren">
   <void index="0">
    <int>0</int>
   </void>
   <void index="1">
    <int>3</int>
   </void>
  </void>
  <void property="kurveX">
   <int>638</int>
  </void>
  <void property="kurveY">
   <int>228</int>
  </void>
  <void property="name">
   <string>Strasse83</string>
  </void>
 </object>
 <object class="verkehrsplaner.NormaleStrasseEinstellungen" id="NormaleStrasseEinstellungen35">
  <void property="anbindungen">
   <void index="0">
    <int>78</int>
   </void>
   <void index="1">
    <int>82</int>
   </void>
  </void>
  <void property="fahrzeugeProMinute">
   <double>3.0</double>
  </void>
  <void property="id">
   <int>84</int>
  </void>
  <void property="konnektoren">
   <void index="0">
    <int>1</int>
   </void>
   <void index="1">
    <int>0</int>
   </void>
  </void>
  <void property="kurveX">
   <int>679</int>
  </void>
  <void property="kurveY">
   <int>259</int>
  </void>
  <void property="name">
   <string>Strasse84</string>
  </void>
 </object>
 <object class="verkehrsplaner.NormaleStrasseEinstellungen" id="NormaleStrasseEinstellungen36">
  <void property="anbindungen">
   <void index="0">
    <int>8</int>
   </void>
   <void index="1">
    <int>12</int>
   </void>
  </void>
  <void property="fahrzeugeProMinute">
   <double>2.0</double>
  </void>
  <void property="id">
   <int>91</int>
  </void>
  <void property="konnektoren">
   <void index="0">
    <int>0</int>
   </void>
   <void index="1">
    <int>2</int>
   </void>
  </void>
  <void property="kurveX">
   <int>341</int>
  </void>
  <void property="kurveY">
   <int>182</int>
  </void>
  <void property="name">
   <string>Strasse91</string>
  </void>
 </object>
 <object class="verkehrsplaner.NormaleStrasseEinstellungen" id="NormaleStrasseEinstellungen37">
  <void property="anbindungen">
   <void index="0">
    <int>12</int>
   </void>
   <void index="1">
    <int>17</int>
   </void>
  </void>
  <void property="fahrzeugeProMinute">
   <double>2.0</double>
  </void>
  <void property="id">
   <int>92</int>
  </void>
  <void property="konnektoren">
   <void index="0">
    <int>0</int>
   </void>
   <void index="1">
    <int>2</int>
   </void>
  </void>
  <void property="kurveX">
   <int>407</int>
  </void>
  <void property="kurveY">
   <int>104</int>
  </void>
  <void property="name">
   <string>Strasse92</string>
  </void>
 </object>
 <object class="verkehrsplaner.NormaleStrasseEinstellungen" id="NormaleStrasseEinstellungen38">
  <void property="anbindungen">
   <void index="0">
    <int>68</int>
   </void>
   <void index="1">
    <int>93</int>
   </void>
  </void>
  <void property="fahrzeugeProMinute">
   <double>10.0</double>
  </void>
  <void property="id">
   <int>94</int>
  </void>
  <void property="konnektoren">
   <void index="0">
    <int>1</int>
   </void>
   <void index="1">
    <int>0</int>
   </void>
  </void>
  <void property="kurveX">
   <int>526</int>
  </void>
  <void property="kurveY">
   <int>223</int>
  </void>
  <void property="name">
   <string>Strasse94</string>
  </void>
 </object>
 <object class="verkehrsplaner.NormaleStrasseEinstellungen" id="NormaleStrasseEinstellungen39">
  <void property="anbindungen">
   <void index="0">
    <int>95</int>
   </void>
   <void index="1">
    <int>25</int>
   </void>
  </void>
  <void property="fahrzeugeProMinute">
   <double>3.0</double>
  </void>
  <void property="id">
   <int>96</int>
  </void>
  <void property="konnektoren">
   <void index="0">
    <int>0</int>
   </void>
   <void index="1">
    <int>3</int>
   </void>
  </void>
  <void property="kurveX">
   <int>470</int>
  </void>
  <void property="kurveY">
   <int>540</int>
  </void>
  <void property="name">
   <string>Strasse96</string>
  </void>
 </object>
 <object class="verkehrsplaner.NormaleStrasseEinstellungen" id="NormaleStrasseEinstellungen40">
  <void property="anbindungen">
   <void index="0">
    <int>30</int>
   </void>
   <void index="1">
    <int>97</int>
   </void>
  </void>
  <void property="fahrzeugeProMinute">
   <double>10.0</double>
  </void>
  <void property="id">
   <int>99</int>
  </void>
  <void property="konnektoren">
   <void index="0">
    <int>1</int>
   </void>
   <void index="1">
    <int>0</int>
   </void>
  </void>
  <void property="name">
   <string>Strasse99</string>
  </void>
  <void property="strassenArt">
   <int>1</int>
  </void>
 </object>
 <object class="verkehrsplaner.NormaleStrasseEinstellungen" id="NormaleStrasseEinstellungen41">
  <void property="anbindungen">
   <void index="0">
    <int>98</int>
   </void>
   <void index="1">
    <int>28</int>
   </void>
  </void>
  <void property="fahrzeugeProMinute">
   <double>10.0</double>
  </void>
  <void property="id">
   <int>100</int>
  </void>
  <void property="konnektoren">
   <void index="0">
    <int>0</int>
   </void>
   <void index="1">
    <int>3</int>
   </void>
  </void>
  <void property="name">
   <string>Strasse100</string>
  </void>
  <void property="strassenArt">
   <int>1</int>
  </void>
 </object>
</java>
