<?xml version="1.0"?>
<doc>
    <assembly>
        <name>CplexPlugIn</name>
    </assembly>
    <members>
        <member name="P:SolverFoundation.Plugin.Cplex.CplexSimplexLimit.Iterations">
            <summary>
            Upper limit on primal and dual simplex iterations.
            </summary>
        </member>
        <member name="P:SolverFoundation.Plugin.Cplex.CplexSimplexLimit.LowerObj">
            <summary>
            Lower limit on value of objective.
            </summary>
        </member>
        <member name="P:SolverFoundation.Plugin.Cplex.CplexSimplexLimit.Perturbation">
            <summary>
            Upper limit on iterations with no progress.
            </summary>
        </member>
        <member name="P:SolverFoundation.Plugin.Cplex.CplexSimplexLimit.Singularity">
            <summary>
            Upper limit on repaired singularities.
            </summary>
        </member>
        <member name="P:SolverFoundation.Plugin.Cplex.CplexSimplexLimit.UpperObj">
            <summary>
            Upper limit on value of objective.
            </summary>
        </member>
        <member name="P:SolverFoundation.Plugin.Cplex.CplexNetworkTolerance.Feasibility">
            <summary>
            Feasibility tolerance.
            </summary>
        </member>
        <member name="P:SolverFoundation.Plugin.Cplex.CplexNetworkTolerance.Optimality">
            <summary>
            Reduced cost optimality tolerance.
            </summary>
        </member>
        <member name="T:SolverFoundation.Plugin.Cplex.MIPEmphasis">
            <summary>
            Emphasis for MIP optimization.
            </summary>
        </member>
        <member name="P:SolverFoundation.Plugin.Cplex.CplexEmphasis.Memory">
            <summary>
            Reduced memory emphasis.
            </summary>
        </member>
        <member name="P:SolverFoundation.Plugin.Cplex.CplexEmphasis.MIP">
            <summary>
            Emphasis for MIP optimization.
            </summary>
        </member>
        <member name="P:SolverFoundation.Plugin.Cplex.CplexEmphasis.Numerical">
            <summary>
            Extreme numerical caution emphasis.
            </summary>
        </member>
        <member name="P:SolverFoundation.Plugin.Cplex.CplexBarrierLimit.Corrections">
            <summary>
            Maximum correction limit.
            </summary>
        </member>
        <member name="P:SolverFoundation.Plugin.Cplex.CplexBarrierLimit.Growth">
            <summary>
            Factor used to determine unbounded optimal face.
            </summary>
        </member>
        <member name="P:SolverFoundation.Plugin.Cplex.CplexBarrierLimit.Iteration">
            <summary>
            Barrier iteration limit.
            </summary>
        </member>
        <member name="P:SolverFoundation.Plugin.Cplex.CplexBarrierLimit.ObjRange">
            <summary>
            Barrier objective range (above and below zero).
            </summary>
        </member>
        <member name="T:SolverFoundation.Plugin.Cplex.AlgorithmKind">
            <summary>
            Barrier crossover choice .
            </summary>
        </member>
        <member name="T:SolverFoundation.Plugin.Cplex.BarrierOrder">
            <summary>
            Ordering algorithm.
            </summary>
        </member>
        <member name="F:SolverFoundation.Plugin.Cplex.CplexBarrier.Limits">
            <summary>
            Limits for barrier optimization.
            </summary>
        </member>
        <member name="P:SolverFoundation.Plugin.Cplex.CplexBarrier.Algorithm">
            <summary>
            Barrier algorithm choice .
            </summary>
        </member>
        <member name="P:SolverFoundation.Plugin.Cplex.CplexBarrier.ColNonzeros">
            <summary>
            Density setting .
            </summary>
        </member>
        <member name="P:SolverFoundation.Plugin.Cplex.CplexBarrier.ConvergeTol">
            <summary>
            Complementarity tolerance.
            </summary>
        </member>
        <member name="P:SolverFoundation.Plugin.Cplex.CplexBarrier.Crossover">
            <summary>
            Barrier crossover choice .
            </summary>
        </member>
        <member name="P:SolverFoundation.Plugin.Cplex.CplexBarrier.Display">
            <summary>
            Barrier display level.
            </summary>
        </member>
        <member name="P:SolverFoundation.Plugin.Cplex.CplexBarrier.Ordering">
            <summary>
            Ordering algorithm.
            </summary>
        </member>
        <member name="P:SolverFoundation.Plugin.Cplex.CplexBarrier.QCPConvergeTol">
            <summary>
            QCP complementarity tolerance.
            </summary>
        </member>
        <member name="P:SolverFoundation.Plugin.Cplex.CplexBarrier.StartAlg">
            <summary>
            Starting point algorithm.
            </summary>
        </member>
        <member name="P:SolverFoundation.Plugin.Cplex.CplexConflict.Display">
            <summary>
            Level of the conflict display.
            </summary>
        </member>
        <member name="P:SolverFoundation.Plugin.Cplex.CplexSifting.Algorithm">
            <summary>
            Algorithm used to solve sifting subproblems.
            </summary>
        </member>
        <member name="P:SolverFoundation.Plugin.Cplex.CplexSifting.Display">
            <summary>
            Level of the sifting iteration display.
            </summary>
        </member>
        <member name="P:SolverFoundation.Plugin.Cplex.CplexSifting.Iterations">
            <summary>
            Sifting iteration limit.
            </summary>
        </member>
        <member name="P:SolverFoundation.Plugin.Cplex.CplexSimplexTolerance.Feasibility">
            <summary>
            Feasibility tolerance.
            </summary>
        </member>
        <member name="P:SolverFoundation.Plugin.Cplex.CplexSimplexTolerance.Markowitz">
            <summary>
            Markowitz threshold tolerance.
            </summary>
        </member>
        <member name="P:SolverFoundation.Plugin.Cplex.CplexSimplexTolerance.Optimality">
            <summary>
            Reduced cost optimality tolerance.
            </summary>
        </member>
        <member name="F:SolverFoundation.Plugin.Cplex.CplexNetwork.Tolerances">
            <summary>
            Numerical tolerances for network simplex optimization.
            </summary>
        </member>
        <member name="P:SolverFoundation.Plugin.Cplex.CplexNetwork.Display">
            <summary>
            Level of the network iteration display.
            </summary>
        </member>
        <member name="P:SolverFoundation.Plugin.Cplex.CplexNetwork.Iterations">
            <summary>
            Network simplex iteration limit.
            </summary>
        </member>
        <member name="P:SolverFoundation.Plugin.Cplex.CplexNetwork.NetFind">
            <summary>
            Level of network extraction.
            </summary>
        </member>
        <member name="P:SolverFoundation.Plugin.Cplex.CplexNetwork.Pricing">
            <summary>
            Pricing strategy index.
            </summary>
        </member>
        <member name="T:SolverFoundation.Plugin.Cplex.NetworkPricing">
            <summary>
            Iterations between basis file writing.
            </summary>
        </member>
        <member name="T:SolverFoundation.Plugin.Cplex.DualPricing">
            <summary>
            Type of dual gradient used in pricing.
            </summary>
        </member>
        <member name="T:SolverFoundation.Plugin.Cplex.PrimalPricing">
            <summary>
            Type of primal gradient used in pricing.
            </summary>
        </member>
        <member name="F:SolverFoundation.Plugin.Cplex.CplexSimplex.Limits">
            <summary>
            Limits for simplex optimization.
            </summary>
        </member>
        <member name="F:SolverFoundation.Plugin.Cplex.CplexSimplex.Perturbation">
            <summary>
            Perturbation indicator and constant.
            </summary>
        </member>
        <member name="F:SolverFoundation.Plugin.Cplex.CplexSimplex.Tolerances">
            <summary>
            Numerical tolerances for simplex optimization.
            </summary>
        </member>
        <member name="P:SolverFoundation.Plugin.Cplex.CplexSimplex.Crash">
            <summary>
            Type of crash used.
            </summary>
        </member>
        <member name="P:SolverFoundation.Plugin.Cplex.CplexSimplex.DGradient">
            <summary>
            Type of dual gradient used in pricing.
            </summary>
        </member>
        <member name="P:SolverFoundation.Plugin.Cplex.CplexSimplex.Display">
            <summary>
            Level of the iteration display.
            </summary>
        </member>
        <member name="P:SolverFoundation.Plugin.Cplex.CplexSimplex.PGradient">
            <summary>
            Type of primal gradient used in pricing.
            </summary>
        </member>
        <member name="P:SolverFoundation.Plugin.Cplex.CplexSimplex.Pricing">
            <summary>
            Size of the pricing candidate list.
            </summary>
        </member>
        <member name="P:SolverFoundation.Plugin.Cplex.CplexSimplex.Refactor">
            <summary>
            Refactorization interval.
            </summary>
        </member>
        <member name="T:SolverFoundation.Plugin.Cplex.AutoOffOn">
            <summary>
            Bound strengthening type.
            </summary>
        </member>
        <member name="T:SolverFoundation.Plugin.Cplex.PresolveDual">
            <summary>
            Preprocessing dual.
            </summary>
        </member>
        <member name="T:SolverFoundation.Plugin.Cplex.OffOn">
            <summary>
            Indicator for linear reductions.
            </summary>
        </member>
        <member name="T:SolverFoundation.Plugin.Cplex.Reduction">
            <summary>
            Indicator for primal and dual reductions.
            </summary>
        </member>
        <member name="P:SolverFoundation.Plugin.Cplex.CplexPresolve.Aggregator">
            <summary>
            Aggregator application limit.
            </summary>
        </member>
        <member name="P:SolverFoundation.Plugin.Cplex.CplexPresolve.BoundStrength">
            <summary>
            Bound strengthening type.
            </summary>
        </member>
        <member name="P:SolverFoundation.Plugin.Cplex.CplexPresolve.CoeffReduce">
            <summary>
            Coefficient reduction level.
            </summary>
        </member>
        <member name="P:SolverFoundation.Plugin.Cplex.CplexPresolve.Dependency">
            <summary>
            Preprocessing dependency check indicator.
            </summary>
        </member>
        <member name="P:SolverFoundation.Plugin.Cplex.CplexPresolve.Dual">
            <summary>
            Preprocessing dual.
            </summary>
        </member>
        <member name="P:SolverFoundation.Plugin.Cplex.CplexPresolve.Fill">
            <summary>
            Limit on fill in aggregation.
            </summary>
        </member>
        <member name="P:SolverFoundation.Plugin.Cplex.CplexPresolve.Linear">
            <summary>
            Indicator for linear reductions.
            </summary>
        </member>
        <member name="P:SolverFoundation.Plugin.Cplex.CplexPresolve.NumPass">
            <summary>
            Presolve application limit.
            </summary>
        </member>
        <member name="P:SolverFoundation.Plugin.Cplex.CplexPresolve.Presolve">
            <summary>
            Presolve indicator.
            </summary>
        </member>
        <member name="P:SolverFoundation.Plugin.Cplex.CplexPresolve.QPMakePSD">
            <summary>
            Make binary qp psd indicator.
            </summary>
        </member>
        <member name="P:SolverFoundation.Plugin.Cplex.CplexPresolve.Reduce">
            <summary>
            Indicator for primal and dual reductions.
            </summary>
        </member>
        <member name="P:SolverFoundation.Plugin.Cplex.CplexPresolve.Relax">
            <summary>
            Presolve on LP relaxation of MIP indicator.
            </summary>
        </member>
        <member name="P:SolverFoundation.Plugin.Cplex.CplexPresolve.RepeatPresolve">
            <summary>
            Indicator for MIP repeat presolve.
            </summary>
        </member>
        <member name="P:SolverFoundation.Plugin.Cplex.CplexPresolve.Symmetry">
            <summary>
            Symmetric reduction indicator.
            </summary>
        </member>
        <member name="P:SolverFoundation.Plugin.Cplex.CplexPolishing.AbsMIPGap">
            <summary>
            Solution polishing starting absolute gap.
            </summary>
        </member>
        <member name="P:SolverFoundation.Plugin.Cplex.CplexPolishing.DetTime">
            <summary>
            Solution polishing starting deterministic time.
            </summary>
        </member>
        <member name="P:SolverFoundation.Plugin.Cplex.CplexPolishing.MIPGap">
            <summary>
            Solution polishing starting relative gap.
            </summary>
        </member>
        <member name="P:SolverFoundation.Plugin.Cplex.CplexPolishing.Nodes">
            <summary>
            Solution polishing starting node count.
            </summary>
        </member>
        <member name="P:SolverFoundation.Plugin.Cplex.CplexPolishing.Solutions">
            <summary>
            Solution polishing starting solution count.
            </summary>
        </member>
        <member name="P:SolverFoundation.Plugin.Cplex.CplexPolishing.Time">
            <summary>
            Solution polishing starting time.
            </summary>
        </member>
        <member name="P:SolverFoundation.Plugin.Cplex.CplexMIPSolution.AbsGap">
            <summary>
            Absolute objective gap.
            </summary>
        </member>
        <member name="P:SolverFoundation.Plugin.Cplex.CplexMIPSolution.Capacity">
            <summary>
            Capacity of solution pool.
            </summary>
        </member>
        <member name="P:SolverFoundation.Plugin.Cplex.CplexMIPSolution.Intensity">
            <summary>
            Intensity for populating the MIP solution pool.
            </summary>
        </member>
        <member name="P:SolverFoundation.Plugin.Cplex.CplexMIPSolution.RelGap">
            <summary>
            Relative objective gap.
            </summary>
        </member>
        <member name="P:SolverFoundation.Plugin.Cplex.CplexMIPSolution.Replace">
            <summary>
            Solution pool replacement strategy.
            </summary>
        </member>
        <member name="P:SolverFoundation.Plugin.Cplex.CplexMIPCut.Cliques">
            <summary>
            Type of clique cut generation.
            </summary>
        </member>
        <member name="P:SolverFoundation.Plugin.Cplex.CplexMIPCut.Covers">
            <summary>
            Type of cover cut generation.
            </summary>
        </member>
        <member name="P:SolverFoundation.Plugin.Cplex.CplexMIPCut.Disjunctive">
            <summary>
            Type of disjunctive cut generation.
            </summary>
        </member>
        <member name="P:SolverFoundation.Plugin.Cplex.CplexMIPCut.FlowCovers">
            <summary>
            Type of flow cover cut generation.
            </summary>
        </member>
        <member name="P:SolverFoundation.Plugin.Cplex.CplexMIPCut.Gomory">
            <summary>
            Type of Gomory fractional cut generation.
            </summary>
        </member>
        <member name="P:SolverFoundation.Plugin.Cplex.CplexMIPCut.GUBCovers">
            <summary>
            Type of GUB cover cut generation.
            </summary>
        </member>
        <member name="P:SolverFoundation.Plugin.Cplex.CplexMIPCut.Implied">
            <summary>
            Type of implied bound cut generation.
            </summary>
        </member>
        <member name="P:SolverFoundation.Plugin.Cplex.CplexMIPCut.MCFCut">
            <summary>
            Type of MCF cut generation.
            </summary>
        </member>
        <member name="P:SolverFoundation.Plugin.Cplex.CplexMIPCut.MIRCut">
            <summary>
            Type of mixed integer rounding cut generation.
            </summary>
        </member>
        <member name="P:SolverFoundation.Plugin.Cplex.CplexMIPCut.PathCut">
            <summary>
            Type of flow path cut generation.
            </summary>
        </member>
        <member name="P:SolverFoundation.Plugin.Cplex.CplexMIPCut.ZeroHalfCut">
            <summary>
            Type of zero-half cut generation.
            </summary>
        </member>
        <member name="P:SolverFoundation.Plugin.Cplex.CplexMIPTolerance.AbsMIPGap">
            <summary>
            Absolute mixed integer optimality gap tolerance.
            </summary>
        </member>
        <member name="P:SolverFoundation.Plugin.Cplex.CplexMIPTolerance.Integrality">
            <summary>
            Integrality tolerance.
            </summary>
        </member>
        <member name="P:SolverFoundation.Plugin.Cplex.CplexMIPTolerance.LowerCutoff">
            <summary>
            Lower objective cutoff.
            </summary>
        </member>
        <member name="P:SolverFoundation.Plugin.Cplex.CplexMIPTolerance.MIPGap">
            <summary>
            Mixed integer optimality gap tolerance.
            </summary>
        </member>
        <member name="P:SolverFoundation.Plugin.Cplex.CplexMIPTolerance.ObjDifference">
            <summary>
            Objective value difference.
            </summary>
        </member>
        <member name="P:SolverFoundation.Plugin.Cplex.CplexMIPTolerance.RelObjDifference">
            <summary>
            Relative objective value difference.
            </summary>
        </member>
        <member name="P:SolverFoundation.Plugin.Cplex.CplexMIPTolerance.UpperCutoff">
            <summary>
            Upper objective cutoff.
            </summary>
        </member>
        <member name="T:SolverFoundation.Plugin.Cplex.BranchFirst">
            <summary>
            Direction of first branch.
            </summary>
        </member>
        <member name="T:SolverFoundation.Plugin.Cplex.NodeSelection">
            <summary>
            Node selection strategy.
            </summary>
        </member>
        <member name="T:SolverFoundation.Plugin.Cplex.VariableSelection">
            <summary>
            Variable selection strategy.
            </summary>
        </member>
        <member name="P:SolverFoundation.Plugin.Cplex.CplexMIPStrategy.Backtrack">
            <summary>
            Factor for backtracking.
            </summary>
        </member>
        <member name="P:SolverFoundation.Plugin.Cplex.CplexMIPStrategy.BBInterval">
            <summary>
            Interval to select best bound node.
            </summary>
        </member>
        <member name="P:SolverFoundation.Plugin.Cplex.CplexMIPStrategy.Branch">
            <summary>
            Direction of first branch.
            </summary>
        </member>
        <member name="P:SolverFoundation.Plugin.Cplex.CplexMIPStrategy.Dive">
            <summary>
            Dive strategy.
            </summary>
        </member>
        <member name="P:SolverFoundation.Plugin.Cplex.CplexMIPStrategy.File">
            <summary>
            File for node storage when tree memory limit reached.
            </summary>
        </member>
        <member name="P:SolverFoundation.Plugin.Cplex.CplexMIPStrategy.FPHeur">
            <summary>
            Feasibility pump heuristic.
            </summary>
        </member>
        <member name="P:SolverFoundation.Plugin.Cplex.CplexMIPStrategy.HeuristicFreq">
            <summary>
            Frequency to apply periodic heuristic algorithm.
            </summary>
        </member>
        <member name="P:SolverFoundation.Plugin.Cplex.CplexMIPStrategy.KappaStats">
            <summary>
            Strategy to gather statistics on the kappa of subproblems.
            </summary>
        </member>
        <member name="P:SolverFoundation.Plugin.Cplex.CplexMIPStrategy.LBHeur">
            <summary>
            Indicator for local branching heuristic.
            </summary>
        </member>
        <member name="P:SolverFoundation.Plugin.Cplex.CplexMIPStrategy.MIQCPStrat">
            <summary>
            MIQCP strategy.
            </summary>
        </member>
        <member name="P:SolverFoundation.Plugin.Cplex.CplexMIPStrategy.NodeSelect">
            <summary>
            Node selection strategy.
            </summary>
        </member>
        <member name="P:SolverFoundation.Plugin.Cplex.CplexMIPStrategy.Order">
            <summary>
            Priority order indicator.
            </summary>
        </member>
        <member name="P:SolverFoundation.Plugin.Cplex.CplexMIPStrategy.PresolveNode">
            <summary>
            Node presolve strategy.
            </summary>
        </member>
        <member name="P:SolverFoundation.Plugin.Cplex.CplexMIPStrategy.Probe">
            <summary>
            Probing strategy.
            </summary>
        </member>
        <member name="P:SolverFoundation.Plugin.Cplex.CplexMIPStrategy.RINSHeur">
            <summary>
            Frequency to apply RINS heuristic.
            </summary>
        </member>
        <member name="P:SolverFoundation.Plugin.Cplex.CplexMIPStrategy.Search">
            <summary>
            Search method indicator.
            </summary>
        </member>
        <member name="P:SolverFoundation.Plugin.Cplex.CplexMIPStrategy.StartAlgorithm">
            <summary>
            Algorithm used to solve initial relaxation.
            </summary>
        </member>
        <member name="P:SolverFoundation.Plugin.Cplex.CplexMIPStrategy.SubAlgorithm">
            <summary>
            Algorithm used to solve subproblems.
            </summary>
        </member>
        <member name="P:SolverFoundation.Plugin.Cplex.CplexMIPStrategy.VariableSelect">
            <summary>
            Variable selection strategy.
            </summary>
        </member>
        <member name="P:SolverFoundation.Plugin.Cplex.CplexMIPLimit.AggForCut">
            <summary>
            Constraint aggregation limit for cut generation.
            </summary>
        </member>
        <member name="P:SolverFoundation.Plugin.Cplex.CplexMIPLimit.AuxRootThreads">
            <summary>
            Number of threads for auxiliary root tasks.
            </summary>
        </member>
        <member name="P:SolverFoundation.Plugin.Cplex.CplexMIPLimit.CutPasses">
            <summary>
            Number of cutting plane passes.
            </summary>
        </member>
        <member name="P:SolverFoundation.Plugin.Cplex.CplexMIPLimit.CutsFactor">
            <summary>
            Rows multiplier factor to limit cuts.
            </summary>
        </member>
        <member name="P:SolverFoundation.Plugin.Cplex.CplexMIPLimit.EachCutLimit">
            <summary>
            Limit on number of cuts for each type per pass.
            </summary>
        </member>
        <member name="P:SolverFoundation.Plugin.Cplex.CplexMIPLimit.GomoryCand">
            <summary>
            Candidate limit for generating Gomory fractional cuts.
            </summary>
        </member>
        <member name="P:SolverFoundation.Plugin.Cplex.CplexMIPLimit.GomoryPass">
            <summary>
            Pass limit for generating Gomory fractional cuts.
            </summary>
        </member>
        <member name="P:SolverFoundation.Plugin.Cplex.CplexMIPLimit.Nodes">
            <summary>
            Branch and cut node limit.
            </summary>
        </member>
        <member name="P:SolverFoundation.Plugin.Cplex.CplexMIPLimit.PolishTime">
            <summary>
            Solution polishing time limit.
            </summary>
        </member>
        <member name="P:SolverFoundation.Plugin.Cplex.CplexMIPLimit.Populate">
            <summary>
            Solutions limit for each populate call.
            </summary>
        </member>
        <member name="P:SolverFoundation.Plugin.Cplex.CplexMIPLimit.ProbeDetTime">
            <summary>
            Probing deterministic time limit.
            </summary>
        </member>
        <member name="P:SolverFoundation.Plugin.Cplex.CplexMIPLimit.ProbeTime">
            <summary>
            Probing time limit.
            </summary>
        </member>
        <member name="P:SolverFoundation.Plugin.Cplex.CplexMIPLimit.RepairTries">
            <summary>
            Number of times to try repair heuristic.
            </summary>
        </member>
        <member name="P:SolverFoundation.Plugin.Cplex.CplexMIPLimit.Solutions">
            <summary>
            Mixed integer solutions limit.
            </summary>
        </member>
        <member name="P:SolverFoundation.Plugin.Cplex.CplexMIPLimit.StrongCand">
            <summary>
            Strong branching candidate limit.
            </summary>
        </member>
        <member name="P:SolverFoundation.Plugin.Cplex.CplexMIPLimit.StrongIt">
            <summary>
            Strong branching iteration limit.
            </summary>
        </member>
        <member name="P:SolverFoundation.Plugin.Cplex.CplexMIPLimit.SubMIPNodeLim">
            <summary>
            Sub-MIP node limit.
            </summary>
        </member>
        <member name="P:SolverFoundation.Plugin.Cplex.CplexMIPLimit.TreeMemory">
            <summary>
            Upper limit on size of tree in megabytes.
            </summary>
        </member>
        <member name="T:SolverFoundation.Plugin.Cplex.Ordering">
            <summary>
            Type of generated priority order.
            </summary>
        </member>
        <member name="F:SolverFoundation.Plugin.Cplex.CplexMIP.Cuts">
            <summary>
            Types of cuts used during mixed integer optimization.
            </summary>
        </member>
        <member name="F:SolverFoundation.Plugin.Cplex.CplexMIP.Limits">
            <summary>
            Limits for mixed integer optimization.
            </summary>
        </member>
        <member name="F:SolverFoundation.Plugin.Cplex.CplexMIP.PolishAfter">
            <summary>
            Starting conditions for solution polishing.
            </summary>
        </member>
        <member name="F:SolverFoundation.Plugin.Cplex.CplexMIP.Pool">
            <summary>
            Solution pool characteristics.
            </summary>
        </member>
        <member name="F:SolverFoundation.Plugin.Cplex.CplexMIP.Strategy">
            <summary>
            Strategy for mixed integer optimization.
            </summary>
        </member>
        <member name="F:SolverFoundation.Plugin.Cplex.CplexMIP.Tolerances">
            <summary>
            Tolerances for mixed integer optimization.
            </summary>
        </member>
        <member name="P:SolverFoundation.Plugin.Cplex.CplexMIP.Display">
            <summary>
            Level of mixed integer node display.
            </summary>
        </member>
        <member name="P:SolverFoundation.Plugin.Cplex.CplexMIP.Interval">
            <summary>
            Interval for printing mixed integer node display.
            </summary>
        </member>
        <member name="P:SolverFoundation.Plugin.Cplex.CplexMIP.OrderType">
            <summary>
            Type of generated priority order.
            </summary>
        </member>
        <member name="P:SolverFoundation.Plugin.Cplex.CplexRead.Constraints">
            <summary>
            Constraint read size.
            </summary>
        </member>
        <member name="P:SolverFoundation.Plugin.Cplex.CplexRead.DataCheck">
            <summary>
            Data consistency check indicator.
            </summary>
        </member>
        <member name="P:SolverFoundation.Plugin.Cplex.CplexRead.Nonzeros">
            <summary>
            Constraint nonzero read size.
            </summary>
        </member>
        <member name="P:SolverFoundation.Plugin.Cplex.CplexRead.QPNonzeros">
            <summary>
            Quadratic nonzero read size.
            </summary>
        </member>
        <member name="P:SolverFoundation.Plugin.Cplex.CplexRead.Scale">
            <summary>
            Type of scaling used.
            </summary>
        </member>
        <member name="P:SolverFoundation.Plugin.Cplex.CplexRead.Variables">
            <summary>
            Variable read size.
            </summary>
        </member>
        <member name="T:SolverFoundation.Plugin.Cplex.Write">
            <summary>
            Writelevel.
            </summary>
        </member>
        <member name="P:SolverFoundation.Plugin.Cplex.CplexOutput.CloneLog">
            <summary>
            Control the creation of clone log files.
            </summary>
        </member>
        <member name="P:SolverFoundation.Plugin.Cplex.CplexOutput.MPSLong">
            <summary>
            Long numbers in MPS output files indicator.
            </summary>
        </member>
        <member name="P:SolverFoundation.Plugin.Cplex.CplexOutput.WriteLevel">
            <summary>
            Writelevel.
            </summary>
        </member>
        <member name="T:SolverFoundation.Plugin.Cplex.ParallelMode">
            <summary>
            Parallel optimization mode.
            </summary>
        </member>
        <member name="T:SolverFoundation.Plugin.Cplex.SolutionTargetKind">
            <summary>
            Solution target.
            </summary>
        </member>
        <member name="F:SolverFoundation.Plugin.Cplex.CplexDirective.Barrier">
            <summary>
            Parameters for barrier optimization.
            </summary>
        </member>
        <member name="F:SolverFoundation.Plugin.Cplex.CplexDirective.Conflict">
            <summary>
            Parameters for finding conflicts.
            </summary>
        </member>
        <member name="F:SolverFoundation.Plugin.Cplex.CplexDirective.Emphasis">
            <summary>
            Optimization emphasis.
            </summary>
        </member>
        <member name="F:SolverFoundation.Plugin.Cplex.CplexDirective.MIP">
            <summary>
            Parameters for mixed integer optimization.
            </summary>
        </member>
        <member name="F:SolverFoundation.Plugin.Cplex.CplexDirective.Network">
            <summary>
            Parameters for network optimizations.
            </summary>
        </member>
        <member name="F:SolverFoundation.Plugin.Cplex.CplexDirective.Preprocessing">
            <summary>
            Parameters for preprocessing.
            </summary>
        </member>
        <member name="F:SolverFoundation.Plugin.Cplex.CplexDirective.Read">
            <summary>
            Problem read parameters.
            </summary>
        </member>
        <member name="F:SolverFoundation.Plugin.Cplex.CplexDirective.Sifting">
            <summary>
            Parameters for sifting optimization.
            </summary>
        </member>
        <member name="F:SolverFoundation.Plugin.Cplex.CplexDirective.Simplex">
            <summary>
            Parameters for primal and dual simplex optimizations.
            </summary>
        </member>
        <member name="P:SolverFoundation.Plugin.Cplex.CplexDirective.Advance">
            <summary>
            Advanced start indicator.
            </summary>
        </member>
        <member name="P:SolverFoundation.Plugin.Cplex.CplexDirective.ClockType">
            <summary>
            Type of clock used.
            </summary>
        </member>
        <member name="P:SolverFoundation.Plugin.Cplex.CplexDirective.DetTimeLimit">
            <summary>
            Deterministic time limit in ticks.
            </summary>
        </member>
        <member name="P:SolverFoundation.Plugin.Cplex.CplexDirective.Parallel">
            <summary>
            Parallel optimization mode.
            </summary>
        </member>
        <member name="P:SolverFoundation.Plugin.Cplex.CplexDirective.RandomSeed">
            <summary>
            Seed to initialize the random number generator.
            </summary>
        </member>
        <member name="P:SolverFoundation.Plugin.Cplex.CplexDirective.SolutionTarget">
            <summary>
            Solution target.
            </summary>
        </member>
        <member name="P:SolverFoundation.Plugin.Cplex.CplexDirective.Threads">
            <summary>
            Default parallel thread count.
            </summary>
        </member>
        <member name="P:SolverFoundation.Plugin.Cplex.CplexDirective.WorkDir">
            <summary>
            Directory for CPLEX working files.
            </summary>
        </member>
        <member name="P:SolverFoundation.Plugin.Cplex.CplexDirective.WorkMem">
            <summary>
            Memory available for working storage (in megabytes).
            </summary>
        </member>
        <member name="T:SolverFoundation.Plugin.Cplex.CplexPerturbationLimit">
            <summary>
            Represents the amount by which CPLEX perturbs a model.
            </summary>
            <remarks>
            In the simplex algorithms, when a specified number of iterations
            produce degeneracy, CPLEX can change a model by perturbing slightly
            the upper and lower bounds in primal simplex
            or the objective coefficients on the variables in dual simplex.
            The limit on this perturbation can be set to a smaller value
            if the default value creates too great a change in the problem.
            </remarks>
        </member>
        <member name="T:SolverFoundation.Plugin.Cplex.CplexParams">
            <summary>
            Represents CPLEX parameters for the user to control the solver.
            </summary>
        </member>
        <member name="M:SolverFoundation.Plugin.Cplex.CplexParams.#ctor(System.Func{System.Boolean})">
            <summary>
            Constructs a solver parameter object.
            </summary>
        </member>
        <member name="P:SolverFoundation.Plugin.Cplex.CplexParams.GetInfeasibilityReport">
            <summary>
            Reports values to analyze where the problem formulation
            proved infeasible.
            </summary>
            <remarks>
            Depending on the algorithm in use when CPLEX terminates,
            CPLEX can report different values with respect to infeasibility.
            For discussion of these values,
            see the the CPLEX User's Manual, especially the topics
            Infeasibilities reported by LP optimizers and
            Diagnosing infeasibility reported by barrier optimizer.
            </remarks>
        </member>
        <member name="P:SolverFoundation.Plugin.Cplex.CplexParams.GetSensitivityReport">
            <summary>
            Reports how much the optimal solution of a problem changes
            in response to small changes in the model.
            </summary>
            <remarks>
            CPLEX reports the sensitivity of the objective function, the
            righthand side, and bounds on variables. For an introduction to
            sensitivity analysis, see Getting Started with CPLEX,
            especially the topic
            Performing sensitivity analysis.
            </remarks>
        </member>
        <member name="T:SolverFoundation.Plugin.Cplex.CplexException">
            <summary>
            Represents exceptions raised by CPLEX.
            </summary>
        </member>
        <member name="M:SolverFoundation.Plugin.Cplex.CplexException.#ctor(System.Int32,System.String)">
            <summary>
            Constructs an exception object for CPLEX.
            </summary>
        </member>
        <member name="T:SolverFoundation.Plugin.Cplex.CplexSolution">
            <summary>
             Represents a solution from CPLEX.
            </summary>
        </member>
        <member name="M:SolverFoundation.Plugin.Cplex.CplexSolution.#ctor(SolverFoundation.Plugin.Cplex.CplexSolver)">
            Creates new solution object representing the current solution
            of the specified CPLEX solver.
        </member>
        <member name="T:SolverFoundation.Plugin.Cplex.CplexInfeasibilityReport">
             <summary>
              Represents the report that CPLEX has determined the problem is
              infeasible.
             </summary>
             <remarks>
            
             </remarks>
        </member>
        <member name="T:SolverFoundation.Plugin.Cplex.CplexSolver">
            <summary>
            Represents the CPLEX solver.
            </summary>
        </member>
        <member name="P:SolverFoundation.Plugin.Cplex.CplexSolver.Statistics">
            <summary>
             Statistics is null before model was solved.
            </summary>
        </member>
        <member name="P:SolverFoundation.Plugin.Cplex.CplexSolver.Primal">
            <summary>
             The primal version of the objective.
            </summary>
        </member>
        <member name="P:SolverFoundation.Plugin.Cplex.CplexSolver.Parameters">
            <summary>
             Parameters is null before model was solved.
            </summary>
        </member>
        <member name="P:SolverFoundation.Plugin.Cplex.CplexSolver.IsInteriorPoint">
            <summary>
             Are we using Interior Point instead of Simplex?
            </summary>
        </member>
        <member name="P:SolverFoundation.Plugin.Cplex.CplexSolver.NodeCount">
            <summary>
             Returns the number of nodes used to solve the most recent goal.
            </summary>
        </member>
    </members>
</doc>
