<?xml version='1.0' encoding='UTF-8'?>
<!-- jsx.org, (c) -->
<jsx major='1' minor='1' format='JSX.DataReader'>
 <collection id='i0' class='java.util.Vector'>
  <object id='i1' class='ptss.KnotenListe' superclasses=''>
   <declaredClass class='ptss.KnotenListe'>
    <default>
     <collection field='kList' id='i2' class='java.util.Vector'>
      <object id='i3' class='ptss.Knoten' superclasses=''>
       <declaredClass class='ptss.Knoten'>
        <default>
         <string field='name' id='i4' value='Knoten0'/>
         <primitive field='x' type='int' value='136'/>
         <primitive field='y' type='int' value='425'/>
         <primitive field='id' type='int' value='0'/>
         <primitive field='isMarked' type='boolean' value='false'/>
         <primitive field='start' type='boolean' value='true'/>
         <primitive field='ziel' type='boolean' value='false'/>
         <primitive field='simuId' type='int' value='-1'/>
         <primitive field='eventAnzahl' type='int' value='1000'/>
         <primitive field='eventProEinheit' type='int' value='5'/>
         <primitive field='scheduledEvents' type='int' value='0'/>
        </default>
       </declaredClass>
      </object>
      <object id='i5' class='ptss.Knoten' superclasses=''>
       <declaredClass class='ptss.Knoten'>
        <default>
         <string field='name' id='i6' value='Knoten1'/>
         <primitive field='x' type='int' value='175'/>
         <primitive field='y' type='int' value='483'/>
         <primitive field='id' type='int' value='1'/>
         <primitive field='isMarked' type='boolean' value='false'/>
         <primitive field='start' type='boolean' value='false'/>
         <primitive field='ziel' type='boolean' value='false'/>
         <primitive field='simuId' type='int' value='-1'/>
         <primitive field='eventAnzahl' type='int' value='1000'/>
         <primitive field='eventProEinheit' type='int' value='5'/>
         <primitive field='scheduledEvents' type='int' value='0'/>
        </default>
       </declaredClass>
      </object>
      <object id='i7' class='ptss.Knoten' superclasses=''>
       <declaredClass class='ptss.Knoten'>
        <default>
         <string field='name' id='i8' value='Knoten2'/>
         <primitive field='x' type='int' value='261'/>
         <primitive field='y' type='int' value='353'/>
         <primitive field='id' type='int' value='2'/>
         <primitive field='isMarked' type='boolean' value='true'/>
         <primitive field='start' type='boolean' value='false'/>
         <primitive field='ziel' type='boolean' value='false'/>
         <primitive field='simuId' type='int' value='-1'/>
         <primitive field='eventAnzahl' type='int' value='1000'/>
         <primitive field='eventProEinheit' type='int' value='5'/>
         <primitive field='scheduledEvents' type='int' value='0'/>
        </default>
       </declaredClass>
      </object>
      <object id='i9' class='ptss.Knoten' superclasses=''>
       <declaredClass class='ptss.Knoten'>
        <default>
         <string field='name' id='i10' value='Knoten3'/>
         <primitive field='x' type='int' value='289'/>
         <primitive field='y' type='int' value='457'/>
         <primitive field='id' type='int' value='3'/>
         <primitive field='isMarked' type='boolean' value='false'/>
         <primitive field='start' type='boolean' value='false'/>
         <primitive field='ziel' type='boolean' value='true'/>
         <primitive field='simuId' type='int' value='-1'/>
         <primitive field='eventAnzahl' type='int' value='1000'/>
         <primitive field='eventProEinheit' type='int' value='5'/>
         <primitive field='scheduledEvents' type='int' value='0'/>
        </default>
       </declaredClass>
      </object>
     </collection>
     <primitive field='kId' type='int' value='-1'/>
     <primitive field='marked' type='int' value='2'/>
     <primitive field='enum_var' type='boolean' value='false'/>
     <null field='e'/>
     <null field='lnkKnoten'/>
     <primitive field='iName' type='int' value='4'/>
    </default>
   </declaredClass>
  </object>
  <object id='i11' class='ptss.KantenListe' superclasses=''>
   <declaredClass class='ptss.KantenListe'>
    <default>
     <collection field='kList' id='i12' class='java.util.Vector'>
      <object id='i13' class='ptss.Kante' superclasses=''>
       <declaredClass class='ptss.Kante'>
        <default>
         <primitive field='knotenA' type='int' value='3'/>
         <primitive field='knotenB' type='int' value='2'/>
         <primitive field='iD' type='int' value='1'/>
         <primitive field='GewA' type='int' value='3'/>
         <primitive field='GewB' type='int' value='0'/>
         <primitive field='isMarked' type='boolean' value='false'/>
         <string field='Name' id='i14' value='Kante1'/>
         <primitive field='isPath' type='boolean' value='false'/>
         <primitive field='aktKapa' type='int' value='0'/>
         <primitive field='maxKapa' type='int' value='0'/>
         <primitive field='greatestKapa' type='int' value='0'/>
         <primitive field='gesamtEvents' type='int' value='0'/>
         <primitive field='gesamt' type='int' value='0'/>
        </default>
       </declaredClass>
      </object>
      <object id='i15' class='ptss.Kante' superclasses=''>
       <declaredClass class='ptss.Kante'>
        <default>
         <primitive field='knotenA' type='int' value='1'/>
         <primitive field='knotenB' type='int' value='3'/>
         <primitive field='iD' type='int' value='2'/>
         <primitive field='GewA' type='int' value='1'/>
         <primitive field='GewB' type='int' value='0'/>
         <primitive field='isMarked' type='boolean' value='false'/>
         <string field='Name' id='i16' value='Kante2'/>
         <primitive field='isPath' type='boolean' value='false'/>
         <primitive field='aktKapa' type='int' value='0'/>
         <primitive field='maxKapa' type='int' value='0'/>
         <primitive field='greatestKapa' type='int' value='0'/>
         <primitive field='gesamtEvents' type='int' value='0'/>
         <primitive field='gesamt' type='int' value='0'/>
        </default>
       </declaredClass>
      </object>
      <object id='i17' class='ptss.Kante' superclasses=''>
       <declaredClass class='ptss.Kante'>
        <default>
         <primitive field='knotenA' type='int' value='0'/>
         <primitive field='knotenB' type='int' value='1'/>
         <primitive field='iD' type='int' value='3'/>
         <primitive field='GewA' type='int' value='2'/>
         <primitive field='GewB' type='int' value='0'/>
         <primitive field='isMarked' type='boolean' value='false'/>
         <string field='Name' id='i18' value='Kante3'/>
         <primitive field='isPath' type='boolean' value='false'/>
         <primitive field='aktKapa' type='int' value='0'/>
         <primitive field='maxKapa' type='int' value='0'/>
         <primitive field='greatestKapa' type='int' value='0'/>
         <primitive field='gesamtEvents' type='int' value='0'/>
         <primitive field='gesamt' type='int' value='0'/>
        </default>
       </declaredClass>
      </object>
      <object id='i19' class='ptss.Kante' superclasses=''>
       <declaredClass class='ptss.Kante'>
        <default>
         <primitive field='knotenA' type='int' value='0'/>
         <primitive field='knotenB' type='int' value='2'/>
         <primitive field='iD' type='int' value='4'/>
         <primitive field='GewA' type='int' value='1'/>
         <primitive field='GewB' type='int' value='0'/>
         <primitive field='isMarked' type='boolean' value='false'/>
         <string field='Name' id='i20' value='Kante4'/>
         <primitive field='isPath' type='boolean' value='false'/>
         <primitive field='aktKapa' type='int' value='0'/>
         <primitive field='maxKapa' type='int' value='0'/>
         <primitive field='greatestKapa' type='int' value='0'/>
         <primitive field='gesamtEvents' type='int' value='0'/>
         <primitive field='gesamt' type='int' value='0'/>
        </default>
       </declaredClass>
      </object>
      <object id='i21' class='ptss.Kante' superclasses=''>
       <declaredClass class='ptss.Kante'>
        <default>
         <primitive field='knotenA' type='int' value='2'/>
         <primitive field='knotenB' type='int' value='1'/>
         <primitive field='iD' type='int' value='5'/>
         <primitive field='GewA' type='int' value='1'/>
         <primitive field='GewB' type='int' value='1'/>
         <primitive field='isMarked' type='boolean' value='false'/>
         <string field='Name' id='i22' value='Kante5'/>
         <primitive field='isPath' type='boolean' value='false'/>
         <primitive field='aktKapa' type='int' value='0'/>
         <primitive field='maxKapa' type='int' value='0'/>
         <primitive field='greatestKapa' type='int' value='0'/>
         <primitive field='gesamtEvents' type='int' value='0'/>
         <primitive field='gesamt' type='int' value='0'/>
        </default>
       </declaredClass>
      </object>
     </collection>
     <reference field='knotenListe' idref='i1'/>
     <primitive field='kId' type='int' value='-1'/>
     <primitive field='marked' type='int' value='4'/>
     <null field='lnkKante'/>
     <primitive field='iName' type='int' value='6'/>
    </default>
   </declaredClass>
  </object>
  <object id='i23' class='ptss.RoutenListe' superclasses=''>
   <declaredClass class='ptss.RoutenListe'>
    <default>
     <collection field='routenListe' id='i24' class='java.util.Vector'>
      <object id='i25' class='ptss.Route' superclasses=''>
       <declaredClass class='ptss.Route'>
        <default>
         <primitive field='startKnotenId' type='int' value='0'/>
         <primitive field='zielKnotenId' type='int' value='3'/>
         <primitive field='teilRoutenCursor' type='int' value='2'/>
         <collection field='teilRoutenListe' id='i26' class='java.util.Vector'>
          <object id='i27' class='ptss.Route$TeilRoute' superclasses=''>
           <declaredClass class='ptss.Route$TeilRoute'>
            <default>
             <primitive field='kanteId' type='int' value='3'/>
             <primitive field='vonKnotenId' type='int' value='0'/>
             <primitive field='nachKnotenId' type='int' value='1'/>
             <reference field='this$0' idref='i25'/>
            </default>
           </declaredClass>
          </object>
          <object id='i28' class='ptss.Route$TeilRoute' superclasses=''>
           <declaredClass class='ptss.Route$TeilRoute'>
            <default>
             <primitive field='kanteId' type='int' value='2'/>
             <primitive field='vonKnotenId' type='int' value='1'/>
             <primitive field='nachKnotenId' type='int' value='3'/>
             <reference field='this$0' idref='i25'/>
            </default>
           </declaredClass>
          </object>
         </collection>
        </default>
       </declaredClass>
      </object>
     </collection>
    </default>
   </declaredClass>
  </object>
 </collection>
</jsx>
