<?xml version="1.0" encoding="UTF-8"?>
<module rename-to='tagesplanung'>
  <!-- Inherit the core Web Toolkit stuff.                        -->
  <inherits name='com.google.gwt.user.User'/>

  <!-- Inherit the default GWT style sheet.  You can change       -->
  <!-- the theme of your GWT application by uncommenting          -->
  <!-- any one of the following lines.                            -->
  <inherits name='com.google.gwt.user.theme.standard.Standard'/>
  <!-- <inherits name='com.google.gwt.user.theme.chrome.Chrome'/> -->
  <!-- <inherits name='com.google.gwt.user.theme.dark.Dark'/>     -->


  <!-- Other module inherits                                      -->
  
  <inherits name='com.extjs.gxt.ui.GXT'/>
  <inherits name='com.extjs.gxt.charts.Chart'/>  
  <inherits name='com.extjs.gxt.themes.Themes' /> 

  
  <!-- Internationalization with .properties files                -->
  <inherits name="com.google.gwt.i18n.I18N"/>
  <!-- German language, independent of country -->
  <extend-property name="locale" values="de"/>
  <!-- English language, independent of country -->
  <extend-property name="locale" values="en"/>
    

  <!-- Specify the app entry point class.                         -->
  <entry-point class='com.tagesplanung.client.StartPoint'/>

  <!-- Specify the paths for translatable code                    -->
  <source path='client'/>
  <source path='shared'/>

</module>
