<?xml version="1.0" encoding="UTF-8" standalone="yes"?>
<menu>

	<menu label=" Home" path="user/home.htm" roles="user, admin"
		imageSrc="/assets/home.png" />

	<menu label="Projekt" roles="user,admin">
		<menu label="Neues Projekt" path="projekt/reset.htm"
			roles="user, admin" />
		<menu label="Projekt laden" path="projekt/load.htm"
			roles="user, admin" />
		<menu label="Projekt speichern"
			path="./ProjektDatei/schichtplan.zip" roles="user,admin" />
	</menu>

	<menu label="Bedarf" roles="user,admin" path="EinFormular.htm" actionLink="tabLink" value="panel4">
		<menu label="Bedarf anzeige" path="EinFormular.htm"
		roles="user,admin" />
		<menu label="Eingabe des Bedarfs" path="bedarf/bedarf.htm"
		roles="user,admin" />
	</menu>
	
	<menu label="Schichtmuster" path="schichtmuster/schichtmuster.htm"
		roles="admin">
		<menu label="Schichtfolge hinzufügen" path="schichtmuster/schichtfolgenlaenge.htm" roles="admin"/>
		</menu>

	<menu label="Solve" path="solver/solverauswahl.htm" roles="admin" />
	
	<menu label="Export" roles="user, admin" path="export/export.htm">
		<menu label="LP-Ansatz exportieren" path="export/export.htm" roles="user, admin" />
	</menu>

	<menu label="Hilfe" path="hilfe/hilfe.htm" roles="user, admin" actionLink="tabLink" value="panel4">
		<menu label="Hilfe" path="hilfe/hilfe.htm" roles="user, admin"/>
		<menu label="Komplettes Beispiel"  path="hilfe/Beispielhilfe.htm" roles="user, admin"/>
	</menu>
	
	<menu label="Logout" path="logout.htm" roles="user, admin" />

</menu>