<?xml version="1.0" encoding="UTF-8" standalone="yes"?>
<iterator>
    <header>
        <createdProgramm>Iterator II</createdProgramm>
        <createdVersion>1.0</createdVersion>
        <createdDate>2017-11-04 / 11:44:53</createdDate>
        <createdUser>Sebastian</createdUser>
    </header>
    <tableau>
        <id>4</id>
        <aMatrix>
            <item>1</item>
            <item>1</item>
            <item>1</item>
            <item>-1</item>
        </aMatrix>
        <aMatrix>
            <item>1</item>
            <item>1</item>
            <item>-1</item>
            <item>1</item>
        </aMatrix>
        <aMatrix>
            <item>1</item>
            <item>0</item>
            <item>0</item>
            <item>0</item>
        </aMatrix>
        <aMatrix>
            <item>0</item>
            <item>1</item>
            <item>0</item>
            <item>0</item>
        </aMatrix>
        <aMatrix>
            <item>0</item>
            <item>0</item>
            <item>1/2</item>
            <item>0</item>
        </aMatrix>
        <aMatrix>
            <item>0</item>
            <item>0</item>
            <item>0</item>
            <item>1</item>
        </aMatrix>
        <aMatrix>
            <item>-1</item>
            <item>0</item>
            <item>0</item>
            <item>0</item>
        </aMatrix>
        <aMatrixVariable>7</aMatrixVariable>
        <aMatrixRestriction>4</aMatrixRestriction>
        <bVektor>1</bVektor>
        <bVektor>1</bVektor>
        <bVektor>1</bVektor>
        <bVektor>1</bVektor>
        <zielfunktion>-1</zielfunktion>
        <zielfunktion>-1/2</zielfunktion>
        <zielfunktion>10000</zielfunktion>
        <zielfunktion>0.5</zielfunktion>
        <zielfunktion>0</zielfunktion>
        <zielfunktion>0</zielfunktion>
        <zielfunktion>0</zielfunktion>
        <zielfunktionskoeffizient>0</zielfunktionskoeffizient>
        <isOptimized>false</isOptimized>
        <numberOfIterates>0</numberOfIterates>
    </tableau>
</iterator>
